-- phpMyAdmin SQL Dump
-- version 4.0.10.12
-- http://www.phpmyadmin.net
--
-- Servidor: 127.5.10.130:3306
-- Tiempo de generación: 18-05-2017 a las 10:47:18
-- Versión del servidor: 5.5.52
-- Versión de PHP: 5.3.3

SET SQL_MODE = "NO_AUTO_VALUE_ON_ZERO";
SET time_zone = "+00:00";


/*!40101 SET @OLD_CHARACTER_SET_CLIENT=@@CHARACTER_SET_CLIENT */;
/*!40101 SET @OLD_CHARACTER_SET_RESULTS=@@CHARACTER_SET_RESULTS */;
/*!40101 SET @OLD_COLLATION_CONNECTION=@@COLLATION_CONNECTION */;
/*!40101 SET NAMES utf8 */;

--
-- Base de datos: `manantial`
--

-- --------------------------------------------------------

--
-- Estructura de tabla para la tabla `tbl1s`
--

CREATE TABLE IF NOT EXISTS `tbl1s` (
  `id` int(11) NOT NULL AUTO_INCREMENT,
  `str1` varchar(255) DEFAULT NULL,
  `ent1` int(11) DEFAULT NULL,
  `createdAt` datetime NOT NULL,
  `updatedAt` datetime NOT NULL,
  PRIMARY KEY (`id`)
) ENGINE=InnoDB  DEFAULT CHARSET=utf8 AUTO_INCREMENT=101 ;

--
-- Volcado de datos para la tabla `tbl1s`
--

INSERT INTO `tbl1s` (`id`, `str1`, `ent1`, `createdAt`, `updatedAt`) VALUES
(1, 'Chocolate', 18000, '2017-02-12 14:36:57', '2017-02-12 16:18:50'),
(2, 'Frutilla', 18000, '2017-02-12 14:36:58', '2017-02-12 16:18:56'),
(3, 'Granizado', 18000, '2017-02-12 14:36:59', '2017-02-12 16:19:04'),
(4, 'Dulce de Leche', 12000, '2017-02-12 19:50:06', '2017-02-12 19:50:18'),
(5, 'Banana Split', 12000, '2017-02-12 19:50:29', '2017-02-12 19:50:40'),
(6, 'Cookies', 12000, '2017-02-12 19:50:51', '2017-02-12 19:51:06'),
(7, 'Mburucuya', 12000, '2017-02-12 19:51:19', '2017-02-12 19:51:27'),
(8, 'Tramontana', 12000, '2017-02-12 19:51:38', '2017-02-12 19:51:46'),
(9, 'Americana', 9000, '2017-02-12 19:51:56', '2017-02-12 19:52:04'),
(10, 'Chocolate Granizado', 12000, '2017-02-12 19:52:15', '2017-02-12 19:52:26'),
(11, 'Chocolate Nevado', 12000, '2017-02-12 19:52:35', '2017-02-12 19:52:45'),
(12, 'Chocolate Bariloche', 6000, '2017-02-12 19:53:38', '2017-02-12 19:53:52'),
(13, 'Chocolate Almendrado', 6000, '2017-02-12 19:55:01', '2017-02-12 19:55:18'),
(14, 'Chocolate Amargo', 6000, '2017-02-12 20:11:00', '2017-02-12 20:11:12'),
(15, 'Chocolate Blanco', 6000, '2017-02-12 20:11:24', '2017-02-12 20:11:40'),
(16, 'Alfajor', 6000, '2017-02-12 20:11:52', '2017-02-12 20:12:07'),
(17, 'Frutilla con pulpa', 6000, '2017-02-12 20:12:17', '2017-02-12 20:12:27'),
(18, 'Frutilla con Yogurt', 3000, '2017-02-12 20:13:54', '2017-02-12 20:14:09'),
(19, 'Frutilla Zero Azucar', 6000, '2017-02-12 20:14:16', '2017-02-12 20:14:43'),
(20, 'Menta', 6000, '2017-02-12 20:15:00', '2017-02-12 20:15:14'),
(21, 'Menta Granizada', 6000, '2017-02-12 20:15:24', '2017-02-12 20:15:34'),
(22, 'Uva', 6000, '2017-02-12 20:15:48', '2017-02-12 20:24:18'),
(23, 'Chicle', 6000, '2017-02-12 20:16:15', '2017-02-12 20:16:27'),
(24, 'Coco', 6000, '2017-02-12 20:16:37', '2017-02-12 20:16:47'),
(25, 'Vainilla', 6000, '2017-02-12 20:16:59', '2017-02-12 20:17:11'),
(26, 'Cereza', 6000, '2017-02-12 20:17:20', '2017-02-12 20:17:30'),
(27, 'Dulce de Leche Granizado', 6000, '2017-02-12 20:19:05', '2017-02-12 20:19:47'),
(28, 'Almendrado', 6000, '2017-02-12 20:20:07', '2017-02-12 20:20:25'),
(29, 'Frutos Tropicales', 3000, '2017-02-12 20:20:36', '2017-02-12 20:20:52'),
(30, 'Limon', 6000, '2017-02-12 20:23:10', '2017-02-12 20:23:22'),
(31, 'Capuchino', 3000, '2017-02-12 20:25:18', '2017-02-12 20:25:30'),
(32, 'Piña', 3000, '2017-02-12 20:25:45', '2017-02-12 20:25:55'),
(33, 'Portuguesa', 6000, '2017-02-12 20:26:07', '2017-02-12 20:26:21'),
(34, 'Frutos del Bosque', 6000, '2017-02-12 20:26:37', '2017-02-12 20:26:48'),
(35, 'Leche Condensada', 9000, '2017-02-12 20:27:00', '2017-02-12 20:27:13'),
(36, 'Kiwi', 3000, '2017-02-12 20:27:36', '2017-02-12 20:27:44'),
(37, 'Prestigio', 6000, '2017-02-12 20:27:57', '2017-02-12 20:28:06'),
(38, 'Piña al Vino', 6000, '2017-02-12 20:28:16', '2017-02-12 20:28:24'),
(39, 'Frutos Verdes', 3000, '2017-02-12 20:28:49', '2017-02-12 20:29:03'),
(40, 'Banana', 3000, '2017-02-12 20:29:14', '2017-02-12 20:29:28'),
(41, 'Pistacho', 3000, '2017-02-12 20:29:37', '2017-02-12 20:29:44'),
(42, 'Pasas al Ron', 3000, '2017-02-12 20:29:53', '2017-02-12 20:30:06'),
(43, 'Guayaba', 3000, '2017-02-12 20:31:21', '2017-02-12 20:31:35'),
(44, 'Mani', 3000, '2017-02-12 20:31:45', '2017-02-12 20:31:56'),
(45, 'Coco Zero Azucar', 3000, '2017-02-12 20:32:04', '2017-02-12 20:32:31'),
(46, 'Dulce de Leche Almendrado', 3000, '2017-02-12 20:32:41', '2017-02-12 20:34:44'),
(47, 'Tiramisu', 3000, '2017-02-12 20:32:57', '2017-02-12 20:35:32'),
(48, 'Pave', 3000, '2017-02-12 20:33:14', '2017-02-12 20:35:38'),
(49, 'Ciruela', 3000, '2017-02-12 20:35:44', '2017-02-12 20:35:59'),
(50, 'Açai', 3000, '2017-02-12 20:36:08', '2017-02-12 20:36:23'),
(51, 'Floresta Blanca', 3000, '2017-02-12 20:36:34', '2017-02-12 20:36:49'),
(52, 'Crema de Leche', 3000, '2017-02-12 20:37:03', '2017-02-12 20:37:12'),
(53, 'Arandanos', 3000, '2017-02-12 20:37:20', '2017-02-12 20:37:32'),
(54, 'Durazno', 3000, '2017-02-12 20:37:41', '2017-02-12 20:37:49'),
(55, 'Choclo', 3000, '2017-02-12 20:38:05', '2017-02-12 20:38:12'),
(56, 'Mango', 3000, '2017-02-12 20:38:25', '2017-02-12 20:38:33'),
(57, 'Lugar reservado', 0, '2017-02-20 18:00:20', '2017-02-20 18:00:26'),
(58, 'Lugar reservado', 0, '2017-02-20 18:00:30', '2017-02-20 18:00:50'),
(59, 'Lugar reservado', 0, '2017-02-20 18:00:53', '2017-02-20 18:01:05'),
(60, 'Lugar reservado', 0, '2017-02-20 18:01:12', '2017-02-20 18:01:22'),
(61, 'Lugar reservado', 0, '2017-02-20 18:01:26', '2017-02-20 18:01:34'),
(62, 'Lugar reservado', 0, '2017-02-20 18:01:38', '2017-02-20 18:02:24'),
(63, 'Lugar reservado', 0, '2017-02-20 18:02:28', '2017-02-20 18:02:55'),
(64, 'Lugar reservado', 0, '2017-02-20 18:02:59', '2017-02-20 18:03:04'),
(65, 'Lugar reservado', 0, '2017-02-20 18:03:08', '2017-02-20 18:03:30'),
(66, 'Lugar reservado', 0, '2017-02-20 18:03:35', '2017-02-20 18:03:45'),
(67, 'Lugar reservado', 0, '2017-02-20 18:03:49', '2017-02-20 18:03:54'),
(68, 'Lugar reservado', 0, '2017-02-20 18:03:57', '2017-02-20 18:04:08'),
(69, 'Lugar reservado', 0, '2017-02-20 18:04:12', '2017-02-20 18:04:25'),
(70, 'Lugar reservado', 0, '2017-02-20 18:04:28', '2017-02-20 18:04:33'),
(71, 'Lugar reservado', 0, '2017-02-20 18:04:36', '2017-02-20 18:04:42'),
(72, 'Lugar reservado', 0, '2017-02-20 18:04:45', '2017-02-20 18:04:53'),
(73, 'Lugar reservado', 0, '2017-02-20 18:04:55', '2017-02-20 18:05:00'),
(74, 'Lugar reservado', 0, '2017-02-20 18:05:02', '2017-02-20 18:05:07'),
(75, 'Lugar reservado', 0, '2017-02-20 18:05:09', '2017-02-20 18:05:14'),
(76, 'Lugar reservado', 0, '2017-02-20 18:05:18', '2017-02-20 18:05:29'),
(77, 'Lugar reservado', 0, '2017-02-20 18:05:31', '2017-02-20 18:05:39'),
(78, 'Lugar reservado', 0, '2017-02-20 18:05:43', '2017-02-20 18:05:48'),
(79, 'Lugar reservado', 0, '2017-02-20 18:05:50', '2017-02-20 18:06:03'),
(80, 'Lugar reservado', 0, '2017-02-20 18:06:07', '2017-02-20 18:06:16'),
(81, 'Lugar reservado', 0, '2017-02-20 18:06:19', '2017-02-20 18:06:26'),
(82, 'Lugar reservado', 0, '2017-02-20 18:06:28', '2017-02-20 18:06:33'),
(83, 'Lugar reservado', 0, '2017-02-20 18:06:36', '2017-02-20 18:06:40'),
(84, 'Lugar reservado', 0, '2017-02-20 18:06:43', '2017-02-20 18:06:47'),
(85, 'Lugar reservado', 0, '2017-02-20 18:06:50', '2017-02-20 18:06:56'),
(86, 'Lugar reservado', 0, '2017-02-20 18:06:58', '2017-02-20 18:07:08'),
(87, 'Lugar reservado', 0, '2017-02-20 18:07:12', '2017-02-20 18:07:22'),
(88, 'Lugar reservado', 0, '2017-02-20 18:07:25', '2017-02-20 18:07:40'),
(89, 'Lugar reservado', 0, '2017-02-20 18:07:45', '2017-02-20 18:07:54'),
(90, 'Lugar reservado', 0, '2017-02-20 18:07:58', '2017-02-20 18:08:06'),
(91, 'Lugar reservado', 0, '2017-02-20 18:08:08', '2017-02-20 18:08:12'),
(92, 'Lugar reservado', 0, '2017-02-20 18:08:15', '2017-02-20 18:08:24'),
(93, 'Lugar reservado', 0, '2017-02-20 18:08:27', '2017-02-20 18:08:31'),
(94, 'Lugar reservado', 0, '2017-02-20 18:08:34', '2017-02-20 18:08:38'),
(95, 'Lugar reservado', 0, '2017-02-20 18:08:41', '2017-02-20 18:08:46'),
(96, 'Lugar reservado', 0, '2017-02-20 18:08:49', '2017-02-20 18:08:56'),
(97, 'Lugar reservado', 0, '2017-02-20 18:08:59', '2017-02-20 18:09:03'),
(98, 'Lugar reservado', 0, '2017-02-20 18:09:18', '2017-02-20 18:09:24'),
(99, 'Lugar reservado', 0, '2017-02-20 18:09:27', '2017-02-20 18:09:31'),
(100, 'Lugar reservado', 0, '2017-02-20 19:01:03', '2017-02-20 19:01:14');

-- --------------------------------------------------------

--
-- Estructura de tabla para la tabla `tbl2s`
--

CREATE TABLE IF NOT EXISTS `tbl2s` (
  `id` int(11) NOT NULL AUTO_INCREMENT,
  `str1` varchar(255) DEFAULT NULL,
  `str2` varchar(255) DEFAULT NULL,
  `createdAt` datetime NOT NULL,
  `updatedAt` datetime NOT NULL,
  PRIMARY KEY (`id`)
) ENGINE=InnoDB  DEFAULT CHARSET=utf8 AUTO_INCREMENT=24 ;

--
-- Volcado de datos para la tabla `tbl2s`
--

INSERT INTO `tbl2s` (`id`, `str1`, `str2`, `createdAt`, `updatedAt`) VALUES
(1, 'Duplex Heladera Chica', '', '2017-02-12 14:37:30', '2017-02-12 16:19:36'),
(2, 'Duplex Heladera Grande', '', '2017-02-12 14:37:33', '2017-02-12 16:19:49'),
(3, 'Duplex Heladera Gigante', '', '2017-02-12 14:37:34', '2017-02-12 16:19:57'),
(4, 'Fabrica Heladera 1', '', '2017-02-12 19:42:53', '2017-02-12 19:43:01'),
(5, 'Casa Heladera 1', '', '2017-02-12 19:43:04', '2017-02-15 18:00:46'),
(6, 'Casa Heladera 2', '', '2017-02-12 19:43:13', '2017-02-15 18:00:57'),
(7, 'Ningun lugar todavia', '', '2017-02-12 19:43:21', '2017-02-15 18:01:10'),
(8, 'Ningun lugar todavia2', '', '2017-02-12 19:43:28', '2017-02-15 18:01:17'),
(9, 'Gele1', '', '2017-02-12 19:43:42', '2017-04-30 23:41:58'),
(10, 'Gele2', '', '2017-04-30 23:42:04', '2017-04-30 23:42:09'),
(11, 'Ningun lugar todavia3', NULL, '0000-00-00 00:00:00', '0000-00-00 00:00:00'),
(12, 'Ningun lugar todavia4', NULL, '0000-00-00 00:00:00', '0000-00-00 00:00:00'),
(13, 'Ningun lugar todavia5', NULL, '0000-00-00 00:00:00', '0000-00-00 00:00:00'),
(14, 'Ningun lugar todavia6', NULL, '0000-00-00 00:00:00', '0000-00-00 00:00:00'),
(15, 'Ningun lugar todavia7', NULL, '0000-00-00 00:00:00', '0000-00-00 00:00:00'),
(16, 'Ningun lugar todavia8', NULL, '0000-00-00 00:00:00', '0000-00-00 00:00:00'),
(17, 'Ningun lugar todavia9', NULL, '0000-00-00 00:00:00', '0000-00-00 00:00:00'),
(18, 'Ningun lugar todavia10', NULL, '0000-00-00 00:00:00', '0000-00-00 00:00:00'),
(19, 'Ningun lugar todavia11', NULL, '0000-00-00 00:00:00', '0000-00-00 00:00:00'),
(20, 'Manjares Heladería - Vta Externa', NULL, '0000-00-00 00:00:00', '0000-00-00 00:00:00'),
(23, 'Café BOX - Vta Externa', NULL, '0000-00-00 00:00:00', '0000-00-00 00:00:00');

-- --------------------------------------------------------

--
-- Estructura de tabla para la tabla `tbl3s`
--

CREATE TABLE IF NOT EXISTS `tbl3s` (
  `id` int(11) NOT NULL AUTO_INCREMENT,
  `str1` varchar(255) DEFAULT NULL,
  `str2` varchar(255) DEFAULT NULL,
  `ent1` int(11) DEFAULT NULL,
  `ent2` int(11) DEFAULT NULL,
  `ent3` int(11) DEFAULT NULL,
  `bol1` tinyint(1) DEFAULT NULL,
  `createdAt` datetime NOT NULL,
  `updatedAt` datetime NOT NULL,
  `tbl1Id` int(11) DEFAULT NULL,
  `tbl2Id` int(11) DEFAULT NULL,
  PRIMARY KEY (`id`)
) ENGINE=InnoDB  DEFAULT CHARSET=utf8 AUTO_INCREMENT=664 ;

--
-- Volcado de datos para la tabla `tbl3s`
--

INSERT INTO `tbl3s` (`id`, `str1`, `str2`, `ent1`, `ent2`, `ent3`, `bol1`, `createdAt`, `updatedAt`, `tbl1Id`, `tbl2Id`) VALUES
(5, '20170214053405pm', '', 2880, 0, 1, 0, '2017-02-14 20:34:05', '2017-02-14 20:35:36', 40, 2),
(6, '20170214053539pm', '28-03-2017 08:40:39pm', 2835, 0, 0, 0, '2017-02-14 20:35:39', '2017-03-29 00:40:39', 21, 9),
(7, '20170214053609pm', '', 2960, 0, 1, 0, '2017-02-14 20:36:09', '2017-02-14 20:36:20', 40, 2),
(8, '20170214053622pm', '28-03-2017 08:48:36pm', 1150, 0, 0, 0, '2017-02-14 20:36:23', '2017-03-29 00:48:36', 23, 2),
(9, '20170214053641pm', '18-05-2017 12:18:22am', 2480, 0, 0, 1, '2017-02-14 20:36:41', '2017-02-27 13:54:42', 36, 9),
(10, '20170214053703pm', '12-03-2017 08:20:28pm', 1055, 0, 0, 0, '2017-02-14 20:37:03', '2017-03-12 23:20:28', 41, 9),
(11, '20170214053721pm', '', 2315, 0, 1, 0, '2017-02-14 20:37:21', '2017-02-14 20:37:36', 40, 2),
(12, '20170214053739pm', '', 3085, 0, 1, 0, '2017-02-14 20:37:40', '2017-02-14 20:38:00', 35, 2),
(13, '20170214053804pm', '', 3165, 0, 1, 0, '2017-02-14 20:38:04', '2017-02-14 20:38:17', 38, 2),
(14, '20170214053819pm', '', 2955, 0, 1, 0, '2017-02-14 20:38:19', '2017-02-14 20:38:27', 40, 2),
(15, '20170214053830pm', '', 3290, 0, 1, 0, '2017-02-14 20:38:30', '2017-02-14 20:38:41', 30, 2),
(16, '20170214053849pm', '09-03-2017 06:03:42pm', 3010, 0, 0, 1, '2017-02-14 20:38:50', '2017-03-09 21:03:42', 22, 9),
(17, '20170214053902pm', '', 3005, 0, 1, 0, '2017-02-14 20:39:03', '2017-02-14 20:39:14', 22, 2),
(18, '20170214053919pm', '', 3145, 0, 1, 0, '2017-02-14 20:39:19', '2017-02-14 20:39:42', 36, 2),
(19, '20170214053945pm', '', 2915, 0, 1, 0, '2017-02-14 20:39:46', '2017-02-14 20:40:02', 32, 2),
(20, '20170214054007pm', '', 3005, 0, 1, 0, '2017-02-14 20:40:07', '2017-02-14 20:40:31', 52, 2),
(21, '20170214054036pm', '06-03-2017 05:25:09pm', 2940, 0, 0, 1, '2017-02-14 20:40:37', '2017-03-06 20:25:09', 16, 9),
(22, '20170214054051pm', '17-03-2017 12:23:48am', 1880, 0, 0, 1, '2017-02-14 20:40:51', '2017-03-17 03:23:48', 33, 9),
(23, '20170214055129pm', '', 2960, 0, 1, 0, '2017-02-14 20:51:29', '2017-02-14 20:51:50', 40, 2),
(24, '20170214055153pm', '17-03-2017 12:23:59am', 3010, 0, 0, 1, '2017-02-14 20:51:53', '2017-03-17 03:23:59', 48, 9),
(25, '20170214055312pm', '18-05-2017 12:19:27am', 3015, 0, 0, 0, '2017-02-14 20:53:13', '2017-04-03 17:50:20', 40, 9),
(26, '20170214055343pm', '', 2775, 0, 1, 0, '2017-02-14 20:53:43', '2017-02-14 20:54:34', 32, 2),
(27, '20170214055438pm', '', 3500, 0, 1, 0, '2017-02-14 20:54:39', '2017-02-14 20:55:07', 17, 2),
(28, '20170215115749am', '18-02-2017 11:49:48am', 1165, 0, 0, 0, '2017-02-15 14:57:50', '2017-02-18 14:49:48', 39, 9),
(29, '20170215115821am', '26-02-2017 02:52:52pm', 2880, 0, 0, 0, '2017-02-15 14:58:22', '2017-02-26 17:52:52', 26, 9),
(30, '20170215115840am', '28-02-2017 09:56:49am', 2905, 0, 0, 0, '2017-02-15 14:58:41', '2017-02-28 12:56:49', 29, 9),
(31, '20170215115905am', '01-03-2017 10:28:10pm', 3105, 0, 0, 1, '2017-02-15 14:59:06', '2017-03-03 01:29:07', 32, 9),
(32, '20170215120008pm', '28-02-2017 03:27:58pm', 2800, 0, 0, 0, '2017-02-15 15:00:09', '2017-02-28 18:27:58', 36, 9),
(33, '20170215120058pm', '26-02-2017 02:54:19pm', 3040, 0, 0, 0, '2017-02-15 15:00:58', '2017-02-26 17:54:19', 24, 9),
(34, '20170215120141pm', '26-02-2017 02:55:25pm', 3195, 0, 0, 0, '2017-02-15 15:01:41', '2017-02-26 17:55:25', 53, 9),
(35, '20170215120201pm', '26-02-2017 02:59:57pm', 6250, 0, 0, 0, '2017-02-15 15:02:02', '2017-02-26 17:59:57', 7, 9),
(36, '20170215120227pm', '06-03-2017 05:23:36pm', 7245, 0, 0, 0, '2017-02-15 15:02:28', '2017-03-06 20:23:37', 11, 9),
(37, '20170215120254pm', '26-02-2017 02:58:35pm', 3315, 0, 0, 0, '2017-02-15 15:02:55', '2017-02-26 17:58:35', 20, 9),
(38, '20170215120313pm', '28-02-2017 03:49:00pm', 1660, 0, 0, 0, '2017-02-15 15:03:13', '2017-02-28 18:49:00', 35, 9),
(39, '20170215120331pm', '18-02-2017 11:49:35am', 6935, 0, 0, 0, '2017-02-15 15:03:32', '2017-02-18 14:49:35', 10, 9),
(40, '20170215120356pm', '09-03-2017 06:03:59pm', 2800, 0, 0, 0, '2017-02-15 15:03:57', '2017-03-09 21:03:59', 50, 9),
(41, '20170215120412pm', '26-02-2017 02:59:34pm', 5710, 0, 0, 0, '2017-02-15 15:04:13', '2017-02-26 17:59:34', 2, 9),
(42, '20170215120441pm', '28-02-2017 03:27:34pm', 6345, 0, 0, 0, '2017-02-15 15:04:42', '2017-02-28 18:27:34', 6, 9),
(43, '20170215120517pm', '26-02-2017 02:58:45pm', 3045, 0, 0, 0, '2017-02-15 15:05:18', '2017-02-26 17:58:45', 52, 9),
(44, '20170215121348pm', '09-03-2017 06:04:16pm', 3230, 0, 0, 0, '2017-02-15 15:13:49', '2017-03-09 21:04:16', 45, 9),
(45, '20170215121451pm', '08-03-2017 12:02:31pm', 3165, 0, 0, 0, '2017-02-15 15:14:52', '2017-03-08 15:02:31', 51, 9),
(46, '20170215121515pm', '18-02-2017 11:53:06am', 2760, 0, 0, 0, '2017-02-15 15:15:16', '2017-02-18 14:53:06', 50, 9),
(47, '20170215121534pm', '26-02-2017 02:54:48pm', 3145, 0, 0, 0, '2017-02-15 15:15:35', '2017-02-26 17:54:48', 21, 9),
(48, '20170215121643pm', '26-02-2017 02:55:07pm', 3260, 0, 0, 0, '2017-02-15 15:16:43', '2017-02-26 17:55:07', 9, 9),
(49, '20170215121709pm', '30-04-2017 08:04:04pm', 3780, 0, 0, 0, '2017-02-15 15:17:10', '2017-05-01 00:04:04', 47, 9),
(50, '20170215121730pm', '26-02-2017 02:58:55pm', 3080, 0, 0, 0, '2017-02-15 15:17:31', '2017-02-26 17:58:55', 18, 9),
(51, '20170215121754pm', '18-02-2017 11:51:03am', 6330, 0, 0, 0, '2017-02-15 15:17:55', '2017-02-18 14:51:03', 8, 9),
(52, '20170215121824pm', '09-03-2017 06:03:52pm', 3020, 0, 0, 0, '2017-02-15 15:18:24', '2017-03-09 21:03:52', 55, 9),
(53, '20170215121851pm', '18-02-2017 11:52:46am', 1820, 0, 0, 0, '2017-02-15 15:18:52', '2017-02-18 14:52:46', 16, 9),
(54, '20170215121910pm', '08-03-2017 12:02:21pm', 3100, 0, 0, 0, '2017-02-15 15:19:11', '2017-03-08 15:02:21', 23, 9),
(55, '20170215121933pm', '28-02-2017 03:49:54pm', 2935, 0, 0, 0, '2017-02-15 15:19:34', '2017-02-28 18:49:54', 40, 9),
(56, '20170215121949pm', '18-02-2017 11:49:00am', 4305, 0, 0, 0, '2017-02-15 15:19:50', '2017-02-18 14:49:00', 6, 9),
(57, '20170215122031pm', '06-03-2017 05:24:24pm', 5590, 0, 0, 0, '2017-02-15 15:20:32', '2017-03-06 20:24:24', 5, 9),
(58, '20170215122052pm', '08-03-2017 12:02:12pm', 6675, 0, 0, 0, '2017-02-15 15:20:53', '2017-03-08 15:02:12', 1, 9),
(59, '20170215122243pm', '28-03-2017 08:47:23pm', 2995, 0, 0, 0, '2017-02-15 15:22:44', '2017-03-29 00:47:23', 44, 9),
(60, '20170215122324pm', '08-03-2017 12:02:03pm', 3075, 0, 0, 0, '2017-02-15 15:23:24', '2017-03-08 15:02:03', 37, 9),
(61, '20170215122353pm', '08-03-2017 12:01:52pm', 3235, 0, 0, 0, '2017-02-15 15:23:54', '2017-03-08 15:01:52', 17, 9),
(62, '20170215122416pm', '28-03-2017 08:47:07pm', 3145, 0, 0, 0, '2017-02-15 15:24:17', '2017-03-29 00:47:07', 38, 9),
(63, '20170215122449pm', '01-03-2017 10:27:21pm', 3125, 0, 0, 1, '2017-02-15 15:24:50', '2017-03-03 01:29:02', 43, 9),
(64, '20170215122517pm', '28-02-2017 09:57:20am', 2720, 0, 0, 0, '2017-02-15 15:25:18', '2017-02-28 12:57:20', 42, 9),
(65, '20170215122605pm', '26-02-2017 02:55:39pm', 3555, 0, 0, 0, '2017-02-15 15:26:06', '2017-02-26 17:55:39', 2, 9),
(66, '20170215122632pm', '26-02-2017 02:55:34pm', 5805, 0, 0, 0, '2017-02-15 15:26:33', '2017-02-26 17:55:34', 3, 9),
(67, '20170215122648pm', '26-02-2017 02:58:24pm', 2895, 0, 0, 0, '2017-02-15 15:26:49', '2017-02-26 17:58:24', 22, 9),
(68, '20170215122719pm', '18-02-2017 11:53:30am', 3260, 0, 0, 0, '2017-02-15 15:27:20', '2017-02-18 14:53:30', 34, 9),
(69, '20170215122743pm', '28-02-2017 03:49:22pm', 3350, 0, 0, 0, '2017-02-15 15:27:44', '2017-02-28 18:49:22', 30, 9),
(70, '20170215122835pm', '18-02-2017 11:50:24am', 6505, 0, 0, 0, '2017-02-15 15:28:36', '2017-02-18 14:50:24', 5, 9),
(71, '20170215122908pm', '26-02-2017 02:59:48pm', 6450, 0, 0, 0, '2017-02-15 15:29:09', '2017-02-26 17:59:48', 4, 9),
(72, '20170215122939pm', '28-02-2017 09:58:21am', 6035, 0, 0, 0, '2017-02-15 15:29:40', '2017-02-28 12:58:21', 6, 9),
(73, '20170215123018pm', '28-02-2017 09:58:28am', 4630, 0, 0, 0, '2017-02-15 15:30:19', '2017-02-28 12:58:28', 10, 9),
(74, '20170215123058pm', '', 2885, 0, 1, 0, '2017-02-15 15:30:59', '2017-02-15 15:31:27', 52, 9),
(75, '20170215123133pm', '28-03-2017 08:38:26pm', 3000, 0, 0, 0, '2017-02-15 15:31:34', '2017-03-29 00:38:26', 32, 9),
(76, '20170215123155pm', '26-02-2017 02:58:16pm', 6020, 0, 0, 0, '2017-02-15 15:31:57', '2017-02-26 17:58:16', 3, 9),
(77, '20170215123238pm', '08-03-2017 12:01:31pm', 3295, 0, 0, 0, '2017-02-15 15:32:39', '2017-03-08 15:01:31', 13, 9),
(78, '20170215123355pm', '26-02-2017 02:54:02pm', 3575, 0, 0, 0, '2017-02-15 15:33:56', '2017-02-26 17:54:02', 14, 9),
(79, '20170215123414pm', '04-04-2017 11:14:10am', 3200, 0, 0, 0, '2017-02-15 15:34:15', '2017-04-04 15:14:10', 41, 9),
(80, '20170215123448pm', '18-02-2017 11:52:38am', 3615, 0, 0, 0, '2017-02-15 15:34:49', '2017-02-18 14:52:38', 12, 9),
(81, '20170215123529pm', '08-03-2017 12:01:07pm', 3115, 0, 0, 0, '2017-02-15 15:35:30', '2017-03-08 15:01:07', 15, 9),
(82, '20170215123601pm', '18-02-2017 11:51:53am', 2990, 0, 0, 0, '2017-02-15 15:36:02', '2017-02-18 14:51:53', 25, 9),
(83, '20170215123621pm', '08-03-2017 12:00:47pm', 2835, 0, 0, 0, '2017-02-15 15:36:22', '2017-03-08 15:00:47', 35, 9),
(84, '20170215123725pm', '28-02-2017 03:49:33pm', 2845, 0, 0, 0, '2017-02-15 15:37:26', '2017-02-28 18:49:33', 33, 9),
(85, '20170215123752pm', '12-03-2017 08:20:39pm', 3275, 0, 0, 0, '2017-02-15 15:37:53', '2017-03-12 23:20:39', 31, 9),
(86, '20170215123821pm', '26-02-2017 02:53:02pm', 3065, 0, 0, 0, '2017-02-15 15:38:22', '2017-02-26 17:53:02', 28, 9),
(87, '20170215123851pm', '26-02-2017 02:59:07pm', 3960, 0, 0, 0, '2017-02-15 15:38:52', '2017-02-26 17:59:07', 27, 9),
(88, '20170215123916pm', '18-02-2017 11:49:18am', 7155, 0, 0, 0, '2017-02-15 15:39:17', '2017-02-18 14:49:18', 4, 9),
(89, '20170215124006pm', '18-02-2017 11:50:44am', 6950, 0, 0, 0, '2017-02-15 15:40:07', '2017-02-18 14:50:44', 1, 9),
(90, '20170215124039pm', '28-02-2017 09:57:57am', 3075, 0, 0, 0, '2017-02-15 15:40:41', '2017-02-28 12:57:57', 25, 9),
(91, '20170215124104pm', '08-03-2017 12:00:34pm', 6290, 0, 0, 0, '2017-02-15 15:41:05', '2017-03-08 15:00:34', 5, 9),
(92, '20170215124126pm', '28-02-2017 09:57:45am', 3315, 0, 0, 0, '2017-02-15 15:41:28', '2017-02-28 12:57:45', 9, 9),
(93, '20170215124149pm', '28-02-2017 09:58:06am', 2995, 0, 0, 0, '2017-02-15 15:41:50', '2017-02-28 12:58:06', 16, 9),
(94, '20170215124223pm', '28-02-2017 09:59:01am', 5955, 0, 0, 0, '2017-02-15 15:42:24', '2017-02-28 12:59:01', 3, 9),
(95, '20170215124258pm', '28-02-2017 03:27:13pm', 6370, 0, 0, 0, '2017-02-15 15:42:59', '2017-02-28 18:27:13', 7, 9),
(96, '20170215012421pm', '', 1315, 0, 1, 0, '2017-02-15 16:24:23', '2017-02-15 16:24:47', 23, 9),
(97, '20170215013050pm', '', 3130, 0, 1, 0, '2017-02-15 16:30:52', '2017-02-15 16:31:24', 35, 10),
(98, '20170215013127pm', '18-05-2017 12:19:00am', 2850, 0, 0, 0, '2017-02-15 16:31:28', '2017-04-04 17:46:23', 23, 9),
(99, '20170215013152pm', '', 2155, 0, 1, 0, '2017-02-15 16:31:54', '2017-02-15 16:32:19', 35, 9),
(100, '20170215013231pm', '28-03-2017 08:36:30pm', 3490, 0, 0, 1, '2017-02-15 16:32:32', '2017-03-29 00:36:30', 30, 9),
(101, '20170215013254pm', '', 3065, 0, 1, 0, '2017-02-15 16:32:55', '2017-02-15 16:33:13', 35, 9),
(102, '20170215013329pm', '12-03-2017 08:22:05pm', 2870, 0, 0, 1, '2017-02-15 16:33:31', '2017-03-12 23:22:05', 23, 9),
(103, '20170215013401pm', '30-04-2017 08:05:03pm', 2855, 0, 0, 0, '2017-02-15 16:34:02', '2017-05-01 00:05:03', 35, 9),
(104, '20170215013428pm', '17-03-2017 12:22:38am', 2815, 0, 0, 1, '2017-02-15 16:34:30', '2017-03-17 03:22:38', 35, 9),
(105, '20170215013502pm', '30-04-2017 07:25:52pm', 2940, 0, 0, 0, '2017-02-15 16:35:03', '2017-04-30 23:25:52', 23, 9),
(106, '20170215013520pm', '30-04-2017 08:04:20pm', 3080, 0, 0, 0, '2017-02-15 16:35:22', '2017-05-01 00:04:20', 35, 9),
(107, '20170215013538pm', '12-03-2017 08:26:32pm', 6350, 0, 0, 1, '2017-02-15 16:35:39', '2017-03-12 23:26:32', 5, 9),
(108, '20170215013704pm', '28-02-2017 03:25:43pm', 6500, 0, 0, 1, '2017-02-15 16:37:05', '2017-02-28 18:25:43', 1, 9),
(109, '20170215013728pm', '09-03-2017 06:04:46pm', 6840, 0, 0, 1, '2017-02-15 16:37:29', '2017-03-09 21:04:46', 7, 9),
(110, '20170215013804pm', '26-02-2017 02:59:26pm', 6495, 0, 0, 1, '2017-02-15 16:38:05', '2017-02-26 17:59:26', 1, 9),
(111, '20170215013829pm', '28-02-2017 03:27:46pm', 5055, 0, 0, 1, '2017-02-15 16:38:30', '2017-02-28 18:27:46', 3, 9),
(112, '20170215013853pm', '', 6000, 0, 1, 1, '2017-02-15 16:38:54', '2017-02-26 17:43:27', 1, 2),
(113, '20170215013931pm', '06-03-2017 05:24:09pm', 2260, 0, 0, 1, '2017-02-15 16:39:33', '2017-03-06 20:24:09', 13, 9),
(114, '20170215021824pm', '09-03-2017 03:32:49pm', 3000, 0, 0, 0, '2017-02-15 17:18:26', '2017-03-09 18:32:49', 7, 4),
(115, '20170215021902pm', '09-03-2017 03:33:15pm', 3000, 0, 0, 0, '2017-02-15 17:19:03', '2017-03-09 18:33:15', 5, 4),
(116, '20170215022101pm', '09-03-2017 03:33:02pm', 3000, 0, 0, 0, '2017-02-15 17:21:03', '2017-03-09 18:33:02', 3, 4),
(117, '20170215022125pm', '08-03-2017 12:00:24pm', 1335, 0, 0, 1, '2017-02-15 17:21:26', '2017-03-08 15:00:24', 50, 9),
(118, '20170215022150pm', '04-04-2017 11:48:53am', 2665, 0, 0, 1, '2017-02-15 17:21:51', '2017-04-04 15:48:53', 40, 9),
(119, '20170215022217pm', '12-03-2017 08:21:11pm', 2790, 0, 0, 1, '2017-02-15 17:22:18', '2017-03-12 23:21:11', 26, 9),
(120, '20170215022246pm', '08-03-2017 12:00:14pm', 3025, 0, 0, 1, '2017-02-15 17:22:48', '2017-03-08 15:00:14', 43, 9),
(121, '20170215022431pm', '01-03-2017 10:27:54pm', 1585, 0, 0, 1, '2017-02-15 17:24:32', '2017-03-03 01:28:56', 26, 9),
(122, '20170215022519pm', '', 2975, 0, 1, 0, '2017-02-15 17:25:21', '2017-03-09 18:30:59', 32, 3),
(123, '20170215022551pm', '06-03-2017 05:24:38pm', 7010, 0, 0, 1, '2017-02-15 17:25:52', '2017-03-06 20:24:38', 10, 9),
(124, '20170215022632pm', '08-03-2017 12:00:03pm', 2935, 0, 0, 1, '2017-02-15 17:26:34', '2017-03-08 15:00:03', 41, 9),
(125, '20170215022712pm', '09-03-2017 03:32:23pm', 3000, 0, 0, 0, '2017-02-15 17:27:13', '2017-03-09 18:32:23', 16, 4),
(126, '20170215022751pm', '', 3000, 0, 1, 0, '2017-02-15 17:27:53', '2017-02-15 17:28:30', 38, 9),
(127, '20170215023627pm', '01-03-2017 10:27:44pm', 1185, 0, 0, 1, '2017-02-15 17:36:28', '2017-03-03 01:28:49', 24, 9),
(128, '20170215023944pm', '28-02-2017 03:48:45pm', 2965, 0, 0, 1, '2017-02-15 17:39:46', '2017-02-28 18:48:45', 22, 9),
(129, '20170215024018pm', '08-03-2017 11:59:47am', 3240, 0, 0, 1, '2017-02-15 17:40:19', '2017-03-08 14:59:47', 9, 9),
(130, '20170215024105pm', '', 3000, 0, 1, 0, '2017-02-15 17:41:06', '2017-02-15 17:41:20', 9, 9),
(131, '20170215024151pm', '', 3000, 0, 1, 0, '2017-02-15 17:41:53', '2017-02-15 17:42:07', 1, 9),
(132, '20170215024210pm', '08-03-2017 11:59:33am', 3005, 0, 0, 1, '2017-02-15 17:42:12', '2017-03-08 14:59:33', 24, 9),
(133, '20170215024240pm', '28-02-2017 03:50:04pm', 2725, 0, 0, 1, '2017-02-15 17:42:42', '2017-02-28 18:50:04', 9, 9),
(134, '20170215024408pm', '12-03-2017 08:17:43pm', 1445, 0, 0, 1, '2017-02-15 17:44:10', '2017-03-12 23:17:43', 24, 9),
(135, '20170215024448pm', '18-05-2017 12:02:44am', 3205, 0, 0, 0, '2017-02-15 17:44:50', '2017-03-25 18:42:22', 38, 9),
(136, '20170215024523pm', '04-04-2017 11:15:15am', 2190, 0, 0, 0, '2017-02-15 17:45:24', '2017-04-04 15:15:15', 32, 9),
(137, '20170215024556pm', '06-03-2017 05:21:31pm', 3535, 0, 0, 1, '2017-02-15 17:45:58', '2017-03-06 20:21:31', 12, 9),
(138, '20170215024621pm', '09-03-2017 06:04:31pm', 3145, 0, 0, 1, '2017-02-15 17:46:22', '2017-03-09 21:04:31', 51, 9),
(139, '20170215024729pm', '12-03-2017 08:21:40pm', 895, 0, 0, 1, '2017-02-15 17:47:31', '2017-03-12 23:21:40', 43, 9),
(140, '20170215024808pm', '09-03-2017 06:02:50pm', 1320, 0, 0, 1, '2017-02-15 17:48:09', '2017-03-09 21:02:50', 15, 9),
(141, '20170215024843pm', '', 2925, 0, 1, 0, '2017-02-15 17:48:44', '2017-03-09 17:56:16', 45, 9),
(142, '20170215024919pm', '09-03-2017 06:03:24pm', 3385, 0, 0, 1, '2017-02-15 17:49:20', '2017-03-09 21:03:24', 37, 9),
(143, '20170215024954pm', '17-05-2017 11:39:09pm', 1590, 0, 0, 0, '2017-02-15 17:49:56', '2017-03-17 03:08:03', 18, 9),
(144, '20170215025435pm', '28-03-2017 08:37:45pm', 3310, 0, 0, 1, '2017-02-15 17:54:36', '2017-03-29 00:37:45', 22, 9),
(145, '20170215025509pm', '28-03-2017 08:47:34pm', 1755, 0, 0, 0, '2017-02-15 17:55:11', '2017-03-29 00:47:34', 22, 9),
(146, '20170215025535pm', '28-03-2017 08:31:16pm', 1130, 0, 0, 0, '2017-02-15 17:55:37', '2017-03-29 00:31:16', 29, 9),
(147, '20170215025614pm', '', 3045, 0, 1, 0, '2017-02-15 17:56:16', '2017-02-15 17:56:41', 55, 9),
(148, '20170215025708pm', '28-03-2017 08:34:35pm', 2760, 0, 0, 1, '2017-02-15 17:57:09', '2017-03-29 00:34:35', 18, 9),
(149, '20170215025742pm', '28-03-2017 08:48:24pm', 2880, 0, 0, 0, '2017-02-15 17:57:44', '2017-03-29 00:48:24', 37, 9),
(150, '20170215025816pm', '18-05-2017 12:29:23am', 1110, 0, 0, 0, '2017-02-15 17:58:18', '2017-02-15 17:58:38', 55, 9),
(151, '20170215025850pm', '17-05-2017 11:39:23pm', 3355, 0, 0, 0, '2017-02-15 17:58:52', '2017-03-09 17:55:52', 29, 9),
(152, '20170215030338pm', '28-03-2017 10:38:19pm', 3245, 0, 0, 1, '2017-02-15 18:03:40', '2017-03-29 02:38:19', 13, 9),
(153, '20170215030417pm', '30-04-2017 07:47:20pm', 2875, 0, 0, 0, '2017-02-15 18:04:19', '2017-04-30 23:47:20', 32, 9),
(154, '20170215030447pm', '28-03-2017 08:36:50pm', 3370, 0, 0, 1, '2017-02-15 18:04:49', '2017-03-29 00:36:50', 53, 9),
(155, '20170215030546pm', '30-04-2017 08:04:33pm', 3075, 0, 0, 0, '2017-02-15 18:05:48', '2017-05-01 00:04:33', 50, 9),
(156, '20170215030606pm', '09-03-2017 03:34:26pm', 3000, 0, 0, 0, '2017-02-15 18:06:08', '2017-03-09 18:34:26', 1, 6),
(157, '20170215030643pm', '28-03-2017 08:35:11pm', 3380, 0, 0, 1, '2017-02-15 18:06:45', '2017-03-29 00:35:11', 17, 9),
(158, '20170215030728pm', '30-04-2017 07:47:41pm', 3310, 0, 0, 0, '2017-02-15 18:07:30', '2017-04-30 23:47:41', 30, 9),
(159, '20170215030807pm', '04-04-2017 11:58:16am', 3060, 0, 0, 0, '2017-02-15 18:08:09', '2017-04-04 15:58:16', 30, 9),
(160, '20170215030832pm', '', 3040, 0, 1, 0, '2017-02-15 18:08:34', '2017-02-15 18:08:50', 30, 9),
(161, '20170215030858pm', '', 3065, 0, 1, 0, '2017-02-15 18:08:59', '2017-02-15 18:09:17', 32, 9),
(162, '20170215030926pm', '09-03-2017 06:05:00pm', 4520, 0, 0, 1, '2017-02-15 18:09:28', '2017-03-09 21:05:00', 6, 9),
(163, '20170215031106pm', '18-05-2017 12:17:59am', 3010, 0, 0, 1, '2017-02-15 18:11:08', '2017-03-01 18:21:36', 43, 9),
(164, '20170215031139pm', '30-04-2017 07:27:34pm', 2865, 0, 0, 0, '2017-02-15 18:11:41', '2017-04-30 23:27:34', 55, 9),
(165, '20170215031221pm', '', 2940, 0, 1, 0, '2017-02-15 18:12:22', '2017-02-15 18:12:45', 32, 9),
(166, '20170215031254pm', '08-03-2017 11:59:20am', 1020, 0, 0, 1, '2017-02-15 18:12:56', '2017-03-08 14:59:20', 28, 9),
(167, '20170215031322pm', '', 3300, 0, 1, 0, '2017-02-15 18:13:24', '2017-02-15 18:13:54', 30, 9),
(168, '20170215031406pm', '09-03-2017 03:34:13pm', 3000, 0, 0, 0, '2017-02-15 18:14:08', '2017-03-09 18:34:13', 1, 6),
(169, '20170215031431pm', '', 2960, 0, 1, 0, '2017-02-15 18:14:33', '2017-03-25 18:45:25', 41, 9),
(170, '20170215031453pm', '28-02-2017 03:28:10pm', 3570, 0, 0, 1, '2017-02-15 18:14:55', '2017-02-28 18:28:10', 27, 9),
(171, '20170215031544pm', '28-02-2017 03:49:14pm', 2825, 0, 0, 1, '2017-02-15 18:15:46', '2017-02-28 18:49:14', 24, 9),
(172, '20170218112822am', '28-02-2017 03:26:05pm', 6255, 0, 0, 1, '2017-02-18 14:28:24', '2017-02-28 18:26:05', 2, 9),
(173, '20170218112914am', '28-02-2017 09:58:46am', 5805, 0, 0, 1, '2017-02-18 14:29:17', '2017-02-28 12:58:46', 2, 9),
(174, '20170218113251am', '12-03-2017 08:25:56pm', 5950, 0, 0, 1, '2017-02-18 14:32:53', '2017-03-12 23:25:56', 2, 9),
(175, '20170218113328am', '28-02-2017 09:58:55am', 2240, 0, 0, 1, '2017-02-18 14:33:30', '2017-02-28 12:58:55', 2, 9),
(176, '20170218113402am', '08-03-2017 11:58:58am', 6590, 0, 0, 1, '2017-02-18 14:34:04', '2017-03-08 14:58:58', 8, 9),
(177, '20170218113434am', '28-02-2017 03:48:33pm', 2945, 0, 0, 1, '2017-02-18 14:34:37', '2017-02-28 18:48:33', 34, 9),
(178, '20170218113503am', '12-03-2017 08:18:17pm', 3185, 0, 0, 1, '2017-02-18 14:35:05', '2017-03-12 23:18:17', 39, 9),
(179, '20170218113549am', '30-04-2017 07:36:30pm', 6475, 0, 0, 1, '2017-02-18 14:35:51', '2017-04-30 23:36:30', 3, 9),
(180, '20170218113627am', '18-02-2017 11:50:35am', 2195, 0, 0, 1, '2017-02-18 14:36:29', '2017-02-18 14:55:08', 3, 9),
(181, '20170218113738am', '01-03-2017 10:25:27pm', 2715, 0, 0, 1, '2017-02-18 14:37:40', '2017-03-03 01:26:26', 20, 9),
(182, '20170218113922am', '12-03-2017 08:22:12pm', 3405, 0, 0, 1, '2017-02-18 14:39:24', '2017-03-12 23:22:12', 20, 9),
(183, '20170218113950am', '28-03-2017 08:42:51pm', 3245, 0, 0, 0, '2017-02-18 14:39:52', '2017-03-29 00:42:51', 20, 9),
(184, '20170218114021am', '30-04-2017 07:08:14pm', 3145, 0, 0, 0, '2017-02-18 14:40:24', '2017-04-30 23:08:14', 20, 9),
(185, '20170218114554am', '28-02-2017 03:26:56pm', 3065, 0, 0, 1, '2017-02-18 14:45:56', '2017-02-28 18:26:56', 21, 9),
(186, '20170218114633am', '01-03-2017 10:27:34pm', 2955, 0, 0, 1, '2017-02-18 14:46:36', '2017-03-03 01:28:44', 21, 9),
(187, '20170218114657am', '12-03-2017 08:20:08pm', 1845, 0, 0, 1, '2017-02-18 14:47:00', '2017-03-12 23:20:08', 21, 9),
(188, '20170218114751am', '12-03-2017 08:19:41pm', 3580, 0, 0, 0, '2017-02-18 14:47:53', '2017-03-12 23:19:41', 14, 9),
(189, '20170218114825am', '28-03-2017 08:48:15pm', 2915, 0, 0, 0, '2017-02-18 14:48:27', '2017-03-29 00:48:15', 14, 9),
(190, '20170218120055pm', '09-03-2017 06:03:13pm', 3545, 0, 0, 1, '2017-02-18 15:00:57', '2017-03-09 21:03:13', 14, 9),
(191, '20170218120121pm', '30-04-2017 07:09:42pm', 3520, 0, 0, 0, '2017-02-18 15:01:23', '2017-04-30 23:09:42', 14, 9),
(192, '20170218120317pm', '28-02-2017 03:49:42pm', 3495, 0, 0, 1, '2017-02-18 15:03:19', '2017-02-28 18:49:42', 14, 9),
(193, '20170218120342pm', '30-04-2017 07:59:14pm', 3470, 0, 0, 0, '2017-02-18 15:03:44', '2017-04-30 23:59:14', 14, 9),
(194, '20170218120416pm', '28-02-2017 03:25:34pm', 6635, 0, 0, 1, '2017-02-18 15:04:18', '2017-02-28 18:25:34', 4, 9),
(195, '20170218120441pm', '28-02-2017 09:58:38am', 6585, 0, 0, 1, '2017-02-18 15:04:44', '2017-02-28 12:58:38', 4, 9),
(196, '20170218120525pm', '12-03-2017 08:18:45pm', 3265, 0, 0, 1, '2017-02-18 15:05:28', '2017-03-12 23:18:45', 46, 9),
(197, '20170218120549pm', '', 3525, 0, 1, 1, '2017-02-18 15:05:51', '2017-02-26 17:44:30', 46, 2),
(198, '20170218120624pm', '01-03-2017 10:28:03pm', 1045, 0, 0, 1, '2017-02-18 15:06:26', '2017-03-03 01:28:36', 46, 9),
(199, '20170218015945pm', '17-03-2017 12:23:39am', 2855, 0, 0, 1, '2017-02-26 16:59:45', '2017-03-17 03:23:39', 25, 9),
(200, '20170218020144pm', '09-03-2017 06:03:02pm', 2825, 0, 0, 1, '2017-02-26 17:01:44', '2017-03-09 21:03:02', 25, 9),
(201, '20170218020217pm', '06-03-2017 05:22:50pm', 2415, 0, 0, 1, '2017-02-26 17:02:17', '2017-03-06 20:22:50', 28, 9),
(202, '20170218020328pm', '30-04-2017 07:08:32pm', 2205, 0, 0, 1, '2017-02-26 17:03:28', '2017-04-30 23:08:32', 28, 9),
(203, '20170218020358pm', '', 2785, 0, 1, 1, '2017-02-26 17:03:58', '2017-02-26 17:45:38', 35, 2),
(204, '20170218020437pm', '', 2645, 0, 1, 1, '2017-02-26 17:04:37', '2017-02-26 17:45:07', 35, 2),
(205, '20170218020505pm', '06-03-2017 05:26:01pm', 2745, 0, 0, 1, '2017-02-26 17:05:05', '2017-03-06 20:26:01', 35, 9),
(206, '20170218020526pm', '17-05-2017 11:37:46pm', 3030, 0, 0, 1, '2017-02-26 17:05:26', '2017-03-25 19:00:08', 35, 9),
(207, '20170218020558pm', '04-04-2017 11:18:59am', 3020, 0, 0, 1, '2017-02-26 17:05:58', '2017-04-04 15:18:59', 35, 9),
(208, '20170218020625pm', '', 2735, 0, 1, 1, '2017-02-26 17:06:25', '2017-02-26 17:08:55', 35, 9),
(209, '20170218020641pm', '18-05-2017 12:19:11am', 1690, 0, 0, 0, '2017-02-26 17:06:41', '2017-02-26 17:08:58', 35, 9),
(210, '20170221021003pm', '17-03-2017 12:23:00am', 3115, 0, 0, 1, '2017-02-26 17:10:03', '2017-03-17 03:23:00', 9, 9),
(211, '20170221021059pm', '12-03-2017 08:19:15pm', 2815, 0, 0, 1, '2017-02-26 17:10:59', '2017-03-12 23:19:15', 51, 9),
(212, '20170221021131pm', '06-03-2017 05:26:29pm', 6250, 0, 0, 1, '2017-02-26 17:11:31', '2017-03-06 20:26:29', 8, 9),
(213, '20170221021206pm', '06-03-2017 05:25:48pm', 6015, 0, 0, 1, '2017-02-26 17:12:07', '2017-03-06 20:25:48', 3, 9),
(214, '20170221021234pm', '08-03-2017 11:58:42am', 3070, 0, 0, 1, '2017-02-26 17:12:34', '2017-03-08 14:58:42', 3, 9),
(215, '20170222021354pm', '12-03-2017 09:06:58pm', 5690, 0, 0, 1, '2017-02-26 17:13:54', '2017-03-13 00:06:58', 2, 9),
(216, '20170222021526pm', '06-03-2017 05:22:11pm', 5775, 0, 0, 1, '2017-02-26 17:15:26', '2017-03-06 20:22:11', 2, 9),
(217, '20170222021600pm', '30-04-2017 07:34:26pm', 3015, 0, 0, 1, '2017-02-26 17:16:00', '2017-04-30 23:34:26', 17, 9),
(218, '20170222021655pm', '28-03-2017 08:29:56pm', 5895, 0, 0, 1, '2017-02-26 17:16:55', '2017-03-29 00:29:56', 2, 9),
(219, '20170222021720pm', '06-03-2017 05:25:35pm', 6645, 0, 0, 1, '2017-02-26 17:17:20', '2017-03-06 20:25:35', 1, 9),
(220, '20170222021744pm', '12-03-2017 08:26:20pm', 7065, 0, 0, 1, '2017-02-26 17:17:44', '2017-03-12 23:26:20', 1, 9),
(221, '20170222021805pm', '28-03-2017 08:29:39pm', 6460, 0, 0, 1, '2017-02-26 17:18:06', '2017-03-29 00:29:39', 10, 9),
(222, '20170223021812pm', '', 3115, 0, 1, 0, '2017-02-26 17:18:12', '2017-03-09 18:30:34', 42, 3),
(223, '20170223022211pm', '', 3350, 0, 1, 1, '2017-02-26 17:22:12', '2017-03-09 18:30:07', 42, 3),
(224, '20170223022232pm', '', 3170, 0, 1, 1, '2017-02-26 17:22:32', '2017-04-04 17:25:14', 42, 9),
(225, '20170223022246pm', '28-03-2017 08:37:08pm', 3210, 0, 0, 1, '2017-02-26 17:22:46', '2017-03-29 00:37:08', 42, 9),
(226, '20170223022259pm', '30-04-2017 07:35:11pm', 3165, 0, 0, 1, '2017-02-26 17:22:59', '2017-04-30 23:35:11', 42, 9),
(227, '20170223022316pm', '', 3220, 0, 1, 1, '2017-02-26 17:23:17', '2017-03-09 18:27:30', 42, 3),
(228, '20170223022338pm', '', 2555, 0, 1, 0, '2017-02-26 17:23:39', '2017-02-26 17:24:37', 42, 9),
(229, '20170224022456pm', '12-03-2017 08:26:55pm', 6695, 0, 0, 1, '2017-02-26 17:24:56', '2017-03-12 23:26:55', 4, 9),
(230, '20170224022509pm', '09-03-2017 06:04:39pm', 6600, 0, 0, 1, '2017-02-26 17:25:09', '2017-03-09 21:04:39', 4, 9),
(231, '20170224022516pm', '28-03-2017 08:33:53pm', 3380, 0, 0, 1, '2017-02-26 17:25:16', '2017-03-29 00:33:53', 27, 9),
(232, '20170224022611pm', '06-03-2017 05:22:28pm', 3605, 0, 0, 1, '2017-02-26 17:26:11', '2017-03-06 20:22:28', 27, 9),
(233, '20170224022706pm', '', 1820, 0, 1, 0, '2017-02-26 17:27:06', '2017-02-26 17:27:52', 27, 4),
(234, '20170228033911pm', '28-03-2017 08:45:58pm', 1810, 0, 0, 0, '2017-02-28 18:39:11', '2017-03-29 00:45:58', 27, 9),
(235, '20170228033948pm', '', 3420, 0, 1, 0, '2017-02-28 18:39:49', '2017-03-16 16:38:32', 53, 9),
(236, '20170228034021pm', '17-03-2017 12:23:27am', 3360, 0, 0, 1, '2017-02-28 18:40:21', '2017-03-17 03:23:27', 34, 9),
(237, '20170228034044pm', '04-04-2017 11:46:12am', 3070, 0, 0, 1, '2017-02-28 18:40:44', '2017-04-04 15:46:12', 34, 9),
(238, '20170228034103pm', '12-03-2017 08:17:18pm', 3230, 0, 0, 1, '2017-02-28 18:41:03', '2017-03-12 23:17:18', 9, 9),
(239, '20170228034128pm', '12-03-2017 08:22:47pm', 5965, 0, 0, 1, '2017-02-28 18:41:29', '2017-03-12 23:22:47', 3, 9),
(240, '20170228034203pm', '12-03-2017 11:12:53pm', 3090, 0, 0, 1, '2017-02-28 18:42:03', '2017-03-13 02:12:53', 48, 9),
(241, '20170228034242pm', '28-03-2017 10:40:08pm', 3030, 0, 0, 0, '2017-02-28 18:42:42', '2017-03-29 02:40:08', 25, 9),
(242, '20170228034303pm', '30-04-2017 07:04:38pm', 3295, 0, 0, 0, '2017-02-28 18:43:04', '2017-04-30 23:04:38', 25, 9),
(243, '20170228034320pm', '30-04-2017 07:48:52pm', 2935, 0, 0, 0, '2017-02-28 18:43:20', '2017-04-30 23:48:52', 25, 9),
(244, '20170228034345pm', '30-04-2017 08:03:19pm', 3240, 0, 0, 1, '2017-02-28 18:43:45', '2017-05-01 00:03:19', 48, 9),
(245, '20170228034407pm', '28-03-2017 08:34:53pm', 2840, 0, 0, 1, '2017-02-28 18:44:08', '2017-03-29 00:34:53', 28, 9),
(246, '20170228034425pm', '28-03-2017 10:39:50pm', 2130, 0, 0, 0, '2017-02-28 18:44:25', '2017-03-29 02:39:50', 28, 9),
(247, '20170228034451pm', '03-03-2017 02:49:59pm', 6000, 0, 0, 0, '2017-02-28 18:44:51', '2017-03-03 17:49:59', 9, 4),
(248, '20170228034512pm', '06-03-2017 05:26:17pm', 3040, 0, 0, 1, '2017-02-28 18:45:12', '2017-03-06 20:26:17', 9, 9),
(249, '20170228034525pm', '12-03-2017 08:25:31pm', 6000, 0, 0, 1, '2017-02-28 18:45:25', '2017-03-12 23:25:31', 8, 9),
(250, '20170228034546pm', '28-03-2017 08:43:42pm', 5740, 0, 0, 1, '2017-02-28 18:45:47', '2017-03-29 00:43:42', 3, 9),
(251, '20170228034622pm', '06-03-2017 05:23:21pm', 3040, 0, 0, 1, '2017-02-28 18:46:23', '2017-03-06 20:23:21', 3, 9),
(252, '20170228034638pm', '06-03-2017 05:26:43pm', 6640, 0, 0, 1, '2017-02-28 18:46:38', '2017-03-06 20:26:43', 1, 9),
(253, '20170301025201pm', '12-03-2017 08:24:54pm', 7010, 0, 0, 1, '2017-03-01 17:52:01', '2017-03-12 23:24:54', 1, 9),
(254, '20170301025215pm', '28-03-2017 08:46:13pm', 6810, 0, 0, 1, '2017-03-01 17:52:15', '2017-03-29 00:46:13', 11, 9),
(255, '20170301025424pm', '03-03-2017 02:49:33pm', 6000, 0, 0, 0, '2017-03-01 17:54:25', '2017-03-03 17:49:33', 7, 4),
(256, '20170301025453pm', '28-03-2017 08:38:39pm', 6835, 0, 0, 1, '2017-03-01 17:54:53', '2017-03-29 00:38:39', 7, 9),
(257, '20170301025537pm', '17-05-2017 03:24:30pm', 6660, 0, 0, 0, '2017-03-01 17:55:37', '2017-04-03 17:52:10', 7, 9),
(258, '20170303022837pm', '28-03-2017 08:30:20pm', 2710, 0, 0, 0, '2017-03-03 17:28:37', '2017-03-29 00:30:20', 7, 9),
(259, '20170303022923pm', '03-03-2017 02:50:25pm', 6000, 0, 0, 0, '2017-03-03 17:29:24', '2017-03-03 17:50:25', 4, 4),
(260, '20170303022955pm', '04-04-2017 11:44:15am', 7010, 0, 0, 0, '2017-03-03 17:29:55', '2017-04-04 15:44:15', 4, 9),
(261, '20170303023026pm', '28-03-2017 08:28:05pm', 4210, 0, 0, 0, '2017-03-03 17:30:27', '2017-03-29 00:28:05', 4, 9),
(262, '20170303023129pm', '17-05-2017 04:26:08pm', 3135, 0, 0, 0, '2017-03-03 17:31:29', '2017-03-09 17:55:03', 46, 9),
(263, '20170303024602pm', '28-03-2017 08:31:57pm', 6515, 0, 0, 0, '2017-03-03 17:46:02', '2017-03-29 00:31:57', 1, 9),
(264, '20170303024639pm', '', 3480, 0, 1, 0, '2017-03-03 17:46:40', '2017-03-09 18:29:40', 13, 3),
(265, '20170303024710pm', '', 3460, 0, 1, 0, '2017-03-03 17:47:10', '2017-03-09 18:27:02', 13, 3),
(266, '20170303024720pm', '04-04-2017 04:53:01pm', 3690, 0, 0, 0, '2017-03-03 17:47:21', '2017-04-04 20:53:01', 12, 9),
(267, '20170303024742pm', '17-03-2017 12:23:10am', 3250, 0, 0, 1, '2017-03-03 17:47:42', '2017-03-17 03:23:10', 12, 9),
(268, '20170303024758pm', '30-04-2017 07:37:13pm', 5960, 0, 0, 0, '2017-03-03 17:47:59', '2017-04-30 23:37:13', 6, 9),
(269, '20170303024818pm', '28-03-2017 08:31:33pm', 5720, 0, 0, 1, '2017-03-03 17:48:18', '2017-03-29 00:31:33', 6, 9),
(270, '20170303024833pm', '04-04-2017 11:21:31am', 2595, 0, 0, 0, '2017-03-03 17:48:33', '2017-04-04 15:21:31', 6, 9),
(271, '20170306044408pm', '', 3235, 0, 1, 0, '2017-03-06 19:44:08', '2017-03-09 18:25:59', 24, 3),
(272, '20170306044440pm', '28-03-2017 08:30:54pm', 3705, 0, 0, 1, '2017-03-06 19:44:40', '2017-03-29 00:30:54', 24, 9),
(273, '20170306044522pm', '09-03-2017 06:03:34pm', 3175, 0, 0, 1, '2017-03-06 19:45:22', '2017-03-09 21:03:34', 16, 9),
(274, '20170306044534pm', '', 3110, 0, 1, 0, '2017-03-06 19:45:34', '2017-03-09 18:20:43', 16, 3),
(275, '20170306044548pm', '', 3060, 0, 1, 0, '2017-03-06 19:45:48', '2017-03-09 18:25:27', 16, 3),
(276, '20170306044718pm', '04-04-2017 11:13:23am', 2940, 0, 0, 0, '2017-03-06 19:47:18', '2017-04-04 15:13:23', 16, 9),
(277, '20170306044924pm', '', 3055, 0, 1, 0, '2017-03-06 19:49:24', '2017-03-09 18:21:05', 16, 3),
(278, '20170306045021pm', '28-03-2017 08:37:30pm', 3120, 0, 0, 0, '2017-03-06 19:50:21', '2017-03-29 00:37:30', 16, 9),
(279, '20170306045127pm', '', 2725, 0, 1, 0, '2017-03-06 19:51:27', '2017-03-09 18:20:55', 16, 3),
(280, '20170306045206pm', '30-04-2017 07:25:24pm', 3185, 0, 0, 0, '2017-03-06 19:52:06', '2017-04-30 23:25:24', 51, 9),
(281, '20170306045223pm', '28-03-2017 08:47:53pm', 3160, 0, 0, 0, '2017-03-06 19:52:23', '2017-03-29 00:47:53', 51, 9),
(282, '20170306045247pm', '', 2780, 0, 1, 0, '2017-03-06 19:52:47', '2017-04-04 17:56:46', 51, 9),
(283, '20170306045324pm', '30-04-2017 07:13:33pm', 2775, 0, 0, 0, '2017-03-06 19:53:24', '2017-04-30 23:13:34', 15, 9),
(284, '20170306045415pm', '28-03-2017 08:45:47pm', 2815, 0, 0, 0, '2017-03-06 19:54:15', '2017-03-29 00:45:47', 15, 9),
(285, '20170306045427pm', '', 2890, 0, 1, 0, '2017-03-06 19:54:27', '2017-03-09 18:24:55', 15, 3),
(286, '20170306045442pm', '18-05-2017 12:23:14am', 2940, 0, 0, 1, '2017-03-06 19:54:42', '2017-04-27 16:58:47', 15, 9),
(287, '20170309093411pm', '', 0, 0, 1, 0, '2017-03-10 00:34:11', '2017-03-10 00:34:15', 1, 4),
(288, '20170309093453pm', '', 0, 0, 1, 0, '2017-03-10 00:34:53', '2017-03-10 00:34:59', 2, 4),
(289, '20170309093641pm', '', 0, 0, 1, 0, '2017-03-10 00:36:42', '2017-03-10 00:36:54', 3, 4),
(290, '20170309093700pm', '', 0, 0, 1, 0, '2017-03-10 00:37:00', '2017-03-10 00:37:35', 4, 4),
(291, '20170309093738pm', '', 0, 0, 1, 0, '2017-03-10 00:37:38', '2017-03-10 00:37:42', 5, 4),
(292, '20170309093747pm', '', 0, 0, 1, 0, '2017-03-10 00:37:47', '2017-03-10 00:37:50', 6, 4),
(293, '20170309093756pm', '', 0, 0, 1, 0, '2017-03-10 00:37:57', '2017-03-10 00:38:00', 7, 4),
(294, '20170309093804pm', '', 0, 0, 1, 0, '2017-03-10 00:38:04', '2017-03-10 00:38:09', 8, 4),
(295, '20170309093823pm', '', 0, 0, 1, 0, '2017-03-10 00:38:23', '2017-03-10 00:38:28', 9, 4),
(296, '20170309093834pm', '', 0, 0, 1, 0, '2017-03-10 00:38:34', '2017-03-10 00:38:38', 10, 4),
(297, '20170309093844pm', '', 0, 0, 1, 0, '2017-03-10 00:38:44', '2017-03-10 00:38:48', 11, 4),
(298, '20170309093855pm', '', 0, 0, 1, 0, '2017-03-10 00:38:55', '2017-03-10 00:39:00', 12, 4),
(299, '20170309093904pm', '', 0, 0, 1, 0, '2017-03-10 00:39:04', '2017-03-10 00:39:07', 13, 4),
(300, '20170309093912pm', '', 0, 0, 1, 0, '2017-03-10 00:39:12', '2017-03-10 00:39:16', 14, 4),
(301, '20170309093921pm', '', 0, 0, 1, 0, '2017-03-10 00:39:21', '2017-03-10 00:39:24', 15, 4),
(302, '20170309093930pm', '', 0, 0, 1, 0, '2017-03-10 00:39:30', '2017-03-10 00:39:32', 16, 4),
(303, '20170309093941pm', '', 0, 0, 1, 0, '2017-03-10 00:39:41', '2017-03-10 00:39:44', 17, 4),
(304, '20170309093948pm', '', 0, 0, 1, 0, '2017-03-10 00:39:48', '2017-03-10 00:39:54', 18, 4),
(305, '20170309093958pm', '', 0, 0, 1, 0, '2017-03-10 00:39:58', '2017-03-10 00:40:03', 19, 4),
(306, '20170309094007pm', '', 0, 0, 1, 0, '2017-03-10 00:40:07', '2017-03-10 00:40:13', 20, 4),
(307, '20170309094017pm', '', 0, 0, 1, 0, '2017-03-10 00:40:17', '2017-03-10 00:40:23', 21, 4),
(308, '20170309094027pm', '', 0, 0, 1, 0, '2017-03-10 00:40:27', '2017-03-10 00:40:33', 22, 4),
(309, '20170309094037pm', '', 0, 0, 1, 0, '2017-03-10 00:40:38', '2017-03-10 00:40:49', 23, 4),
(310, '20170309094053pm', '', 0, 0, 1, 0, '2017-03-10 00:40:54', '2017-03-10 00:40:57', 24, 4),
(311, '20170309094101pm', '', 0, 0, 1, 0, '2017-03-10 00:41:01', '2017-03-10 00:41:05', 25, 4),
(312, '20170309094109pm', '', 0, 0, 1, 0, '2017-03-10 00:41:09', '2017-03-10 00:41:17', 26, 4),
(313, '20170309094120pm', '', 0, 0, 1, 0, '2017-03-10 00:41:20', '2017-03-10 00:41:23', 27, 4),
(314, '20170309094131pm', '', 0, 0, 1, 0, '2017-03-10 00:41:31', '2017-03-10 00:41:37', 28, 4),
(315, '20170309094138pm', '', 0, 0, 1, 0, '2017-03-10 00:41:38', '2017-03-10 00:41:45', 29, 4),
(316, '20170309094152pm', '', 0, 0, 1, 0, '2017-03-10 00:41:52', '2017-03-10 00:41:55', 30, 4),
(317, '20170309094158pm', '', 0, 0, 1, 0, '2017-03-10 00:41:58', '2017-03-10 00:42:02', 31, 4),
(318, '20170309094206pm', '', 0, 0, 1, 0, '2017-03-10 00:42:06', '2017-03-10 00:42:14', 32, 4),
(319, '20170309094217pm', '', 0, 0, 1, 0, '2017-03-10 00:42:17', '2017-03-10 00:42:21', 33, 4),
(320, '20170309094225pm', '', 0, 0, 1, 0, '2017-03-10 00:42:25', '2017-03-10 00:42:30', 34, 4),
(321, '20170309094234pm', '', 0, 0, 1, 0, '2017-03-10 00:42:34', '2017-03-10 00:42:37', 35, 4),
(322, '20170309094242pm', '', 0, 0, 1, 0, '2017-03-10 00:42:42', '2017-03-10 00:42:47', 36, 4),
(323, '20170309094332pm', '', 0, 0, 1, 0, '2017-03-10 00:43:32', '2017-03-10 00:43:37', 37, 4),
(324, '20170309094341pm', '', 0, 0, 1, 0, '2017-03-10 00:43:41', '2017-03-10 00:43:46', 38, 4),
(325, '20170309094523pm', '', 0, 0, 1, 0, '2017-03-10 00:45:23', '2017-03-10 00:45:27', 39, 4),
(326, '20170309094532pm', '', 0, 0, 1, 0, '2017-03-10 00:45:32', '2017-03-10 00:45:35', 40, 4),
(327, '20170309094539pm', '', 0, 0, 1, 0, '2017-03-10 00:45:39', '2017-03-10 00:45:41', 41, 4),
(328, '20170309094547pm', '', 0, 0, 1, 0, '2017-03-10 00:45:47', '2017-03-10 00:45:49', 42, 4),
(329, '20170309094553pm', '', 0, 0, 1, 0, '2017-03-10 00:45:53', '2017-03-10 00:45:59', 43, 4),
(330, '20170309094603pm', '', 0, 0, 1, 0, '2017-03-10 00:46:03', '2017-03-10 00:46:06', 44, 4),
(331, '20170309094614pm', '', 0, 0, 1, 0, '2017-03-10 00:46:14', '2017-03-10 00:46:20', 45, 4),
(332, '20170309094627pm', '', 0, 0, 1, 0, '2017-03-10 00:46:27', '2017-03-10 00:46:30', 46, 4),
(333, '20170309094634pm', '', 0, 0, 1, 0, '2017-03-10 00:46:35', '2017-03-10 00:46:39', 47, 4),
(334, '20170309094643pm', '', 0, 0, 1, 0, '2017-03-10 00:46:43', '2017-03-10 00:46:46', 48, 4),
(335, '20170309094651pm', '', 0, 0, 1, 0, '2017-03-10 00:46:51', '2017-03-10 00:46:57', 49, 4),
(336, '20170309094702pm', '', 0, 0, 1, 0, '2017-03-10 00:47:02', '2017-03-10 00:47:05', 50, 4),
(337, '20170309094726pm', '', 0, 0, 1, 0, '2017-03-10 00:47:27', '2017-03-10 00:47:33', 51, 4),
(338, '20170309094740pm', '', 0, 0, 1, 0, '2017-03-10 00:47:41', '2017-03-10 00:47:43', 52, 4),
(339, '20170309094749pm', '', 0, 0, 1, 0, '2017-03-10 00:47:49', '2017-03-10 00:47:52', 53, 4),
(340, '20170309094815pm', '', 0, 0, 1, 0, '2017-03-10 00:48:15', '2017-03-10 00:48:20', 54, 4),
(341, '20170309094825pm', '', 0, 0, 1, 0, '2017-03-10 00:48:25', '2017-03-10 00:48:29', 55, 4),
(342, '20170309094842pm', '', 0, 0, 1, 0, '2017-03-10 00:48:42', '2017-03-10 00:48:45', 56, 4),
(343, '20170311120528pm', '', 3040, 0, 1, 0, '2017-03-11 15:05:28', '2017-03-11 15:41:22', 31, 3),
(344, '20170311121011pm', '', 3160, 0, 1, 0, '2017-03-11 15:10:11', '2017-03-11 15:40:06', 31, 3),
(345, '20170311121030pm', '', 3290, 0, 1, 0, '2017-03-11 15:10:30', '2017-03-11 15:38:54', 31, 3),
(346, '20170311121042pm', '04-04-2017 11:58:52am', 2875, 0, 0, 0, '2017-03-11 15:10:42', '2017-04-04 15:58:52', 31, 9),
(347, '20170311121055pm', '', 3260, 0, 1, 0, '2017-03-11 15:10:55', '2017-03-11 15:11:00', 31, 9),
(348, '20170311121106pm', '30-04-2017 08:04:47pm', 3245, 0, 0, 0, '2017-03-11 15:11:06', '2017-05-01 00:04:47', 31, 9),
(349, '20170311121116pm', '18-05-2017 12:20:07am', 1335, 0, 0, 0, '2017-03-11 15:11:16', '2017-03-11 15:11:23', 31, 9),
(350, '20170311121137pm', '30-04-2017 07:09:11pm', 3025, 0, 0, 1, '2017-03-11 15:11:37', '2017-04-30 23:09:11', 9, 9),
(351, '20170311121148pm', '28-03-2017 08:41:36pm', 3060, 0, 0, 0, '2017-03-11 15:11:49', '2017-03-29 00:41:36', 9, 9),
(352, '20170311121220pm', '04-04-2017 11:57:33am', 3115, 0, 0, 0, '2017-03-11 15:12:20', '2017-04-04 15:57:33', 39, 9),
(353, '20170311121319pm', '28-03-2017 08:30:36pm', 6060, 0, 0, 0, '2017-03-11 15:13:19', '2017-03-29 00:30:36', 8, 9),
(354, '20170311121336pm', '28-03-2017 08:38:51pm', 5645, 0, 0, 0, '2017-03-11 15:13:36', '2017-03-29 00:38:51', 3, 9),
(355, '20170311121436pm', '17-05-2017 11:35:33pm', 6120, 0, 0, 0, '2017-03-11 15:14:36', '2017-03-25 19:09:02', 5, 9),
(356, '20170311121450pm', '04-04-2017 11:44:39am', 5565, 0, 0, 0, '2017-03-11 15:14:50', '2017-04-04 15:44:39', 5, 9),
(357, '20170311121507pm', '', 2645, 0, 1, 0, '2017-03-11 15:15:07', '2017-03-11 15:15:12', 5, 4),
(358, '20170311121518pm', '', 2825, 0, 1, 0, '2017-03-11 15:15:18', '2017-05-01 00:55:58', 5, 3),
(359, '20170311121530pm', '28-03-2017 08:43:23pm', 5380, 0, 0, 0, '2017-03-11 15:15:30', '2017-03-29 00:43:23', 5, 9),
(360, '20170311121547pm', '', 3000, 0, 1, 0, '2017-03-11 15:15:47', '2017-03-11 15:15:51', 2, 10),
(361, '20170311121558pm', '', 3145, 0, 1, 0, '2017-03-11 15:15:58', '2017-03-11 15:16:04', 2, 3),
(362, '20170311121610pm', '18-05-2017 12:34:20am', 3160, 0, 0, 0, '2017-03-11 15:16:10', '2017-03-11 15:16:25', 2, 10),
(363, '20170311121658pm', '17-05-2017 11:36:58pm', 6520, 0, 0, 0, '2017-03-11 15:16:58', '2017-03-12 00:44:35', 2, 9),
(364, '20170311121716pm', '28-03-2017 10:39:12pm', 4145, 0, 0, 0, '2017-03-11 15:17:16', '2017-03-29 02:39:12', 2, 9),
(365, '20170311121925pm', '17-05-2017 11:40:15pm', 2930, 0, 0, 0, '2017-03-11 15:19:25', '2017-03-25 19:01:01', 26, 9),
(366, '20170311121938pm', '04-04-2017 11:19:34am', 3375, 0, 0, 0, '2017-03-11 15:19:38', '2017-04-04 15:19:34', 26, 9),
(367, '20170311121951pm', '18-05-2017 12:07:10am', 2825, 0, 0, 0, '2017-03-11 15:19:51', '2017-03-11 15:19:59', 26, 9),
(368, '20170311122002pm', '', 1235, 0, 1, 0, '2017-03-11 15:20:02', '2017-03-11 15:20:14', 26, 4),
(369, '20170316014243pm', '28-03-2017 10:38:39pm', 6715, 0, 0, 0, '2017-03-16 16:42:43', '2017-03-29 02:38:39', 1, 9),
(370, '20170316014307pm', '30-04-2017 07:38:24pm', 6990, 0, 0, 0, '2017-03-16 16:43:07', '2017-04-30 23:38:24', 1, 9),
(371, '20170316014322pm', '', 3000, 0, 1, 0, '2017-03-16 16:43:23', '2017-03-16 16:43:38', 10, 10),
(372, '20170316014344pm', '30-04-2017 07:38:01pm', 3955, 0, 0, 0, '2017-03-16 16:43:44', '2017-04-30 23:38:01', 10, 9),
(373, '20170316014407pm', '28-03-2017 08:45:16pm', 6695, 0, 0, 0, '2017-03-16 16:44:07', '2017-03-29 00:45:16', 1, 9),
(374, '20170316014424pm', '30-04-2017 07:35:38pm', 7430, 0, 0, 0, '2017-03-16 16:44:25', '2017-04-30 23:35:38', 11, 9),
(375, '20170316014449pm', '04-04-2017 11:15:28am', 6545, 0, 0, 0, '2017-03-16 16:44:49', '2017-04-04 15:15:28', 10, 9),
(376, '20170316014505pm', '25-03-2017 01:29:47pm', 3000, 0, 0, 0, '2017-03-16 16:45:05', '2017-03-25 16:29:47', 4, 4),
(377, '20170316014530pm', '28-03-2017 08:45:29pm', 6730, 0, 0, 0, '2017-03-16 16:45:30', '2017-03-29 00:45:29', 4, 9),
(378, '20170316014551pm', '28-03-2017 10:38:58pm', 4130, 0, 0, 0, '2017-03-16 16:45:51', '2017-03-29 02:38:58', 4, 9),
(379, '20170316014632pm', '04-04-2017 11:58:37am', 3490, 0, 0, 0, '2017-03-16 16:46:32', '2017-04-04 15:58:37', 27, 9),
(380, '20170316014706pm', '30-04-2017 07:26:17pm', 2990, 0, 0, 0, '2017-03-16 16:47:06', '2017-04-30 23:26:17', 27, 9),
(381, '20170316014725pm', '30-04-2017 07:24:54pm', 3110, 0, 0, 0, '2017-03-16 16:47:25', '2017-04-30 23:24:54', 9, 9),
(382, '20170316014758pm', '04-04-2017 11:19:17am', 3230, 0, 0, 0, '2017-03-16 16:47:58', '2017-04-04 15:19:17', 9, 9),
(383, '20170316014811pm', '04-04-2017 11:14:26am', 6305, 0, 0, 0, '2017-03-16 16:48:11', '2017-04-04 15:14:26', 8, 9),
(384, '20170322043933pm', '04-04-2017 11:13:57am', 6160, 0, 0, 0, '2017-03-22 19:39:34', '2017-04-04 15:13:57', 3, 9),
(385, '20170322044008pm', '28-03-2017 08:26:21pm', 2465, 0, 0, 0, '2017-03-22 19:40:08', '2017-03-29 00:26:21', 3, 9),
(386, '20170322044047pm', '25-03-2017 01:30:12pm', 3000, 0, 0, 0, '2017-03-22 19:40:47', '2017-03-25 16:30:12', 6, 4),
(387, '20170322044156pm', '28-03-2017 10:40:39pm', 6040, 0, 0, 0, '2017-03-22 19:41:57', '2017-03-29 02:40:39', 6, 9),
(388, '20170322044241pm', '25-03-2017 01:30:49pm', 3000, 0, 0, 0, '2017-03-22 19:42:41', '2017-03-25 16:30:49', 24, 4),
(389, '20170322044317pm', '30-04-2017 07:48:27pm', 2900, 0, 0, 0, '2017-03-22 19:43:17', '2017-04-30 23:48:27', 24, 9),
(390, '20170322044351pm', '30-04-2017 07:34:43pm', 3190, 0, 0, 0, '2017-03-22 19:43:51', '2017-04-30 23:34:43', 24, 9),
(391, '20170322044438pm', '04-04-2017 11:13:46am', 2405, 0, 0, 0, '2017-03-22 19:44:38', '2017-04-04 15:13:46', 24, 9),
(392, '20170322044732pm', '04-04-2017 04:53:40pm', 5965, 0, 0, 0, '2017-03-22 19:47:32', '2017-04-04 20:53:40', 2, 9),
(393, '20170322044748pm', '30-04-2017 07:36:42pm', 6075, 0, 0, 0, '2017-03-22 19:47:48', '2017-04-30 23:36:42', 2, 9),
(394, '20170322044800pm', '28-03-2017 08:48:59pm', 5765, 0, 0, 0, '2017-03-22 19:48:01', '2017-03-29 00:49:00', 2, 9),
(395, '20170322044856pm', '18-05-2017 12:28:31am', 3140, 0, 0, 0, '2017-03-22 19:48:56', '2017-04-01 15:22:59', 17, 9),
(396, '20170322044936pm', '30-04-2017 07:46:35pm', 3070, 0, 0, 0, '2017-03-22 19:49:37', '2017-04-30 23:46:35', 20, 9),
(397, '20170325112234am', '18-05-2017 12:18:46am', 3270, 0, 0, 0, '2017-03-25 14:22:35', '2017-03-25 14:23:06', 20, 9),
(398, '20170325112315am', '', 2650, 0, 1, 0, '2017-03-25 14:23:16', '2017-03-25 14:24:09', 20, 10),
(399, '20170325112422am', '30-04-2017 07:59:42pm', 3005, 0, 0, 0, '2017-03-25 14:24:22', '2017-04-30 23:59:42', 21, 9),
(400, '20170325112533am', '04-04-2017 11:58:01am', 3190, 0, 0, 0, '2017-03-25 14:25:33', '2017-04-04 15:58:01', 21, 9),
(401, '20170325112749am', '', 2820, 0, 1, 0, '2017-03-25 14:27:49', '2017-03-25 14:28:07', 21, 10),
(402, '20170325112824am', '30-04-2017 07:24:36pm', 2510, 0, 0, 0, '2017-03-25 14:28:24', '2017-04-30 23:24:36', 21, 9),
(403, '20170325112856am', '', 6000, 0, 1, 0, '2017-03-25 14:28:56', '2017-03-25 18:50:10', 7, 3),
(404, '20170325112916am', '28-03-2017 10:40:25pm', 6560, 0, 0, 0, '2017-03-25 14:29:16', '2017-03-29 02:40:25', 7, 9),
(405, '20170325112930am', '04-04-2017 04:53:11pm', 6480, 0, 0, 0, '2017-03-25 14:29:30', '2017-04-04 20:53:11', 7, 9),
(406, '20170325112949am', '18-05-2017 12:37:57am', 3390, 0, 0, 0, '2017-03-25 14:29:49', '2017-03-25 14:29:59', 7, 10),
(407, '20170325113005am', '30-04-2017 07:46:55pm', 3000, 0, 0, 0, '2017-03-25 14:30:05', '2017-04-30 23:46:55', 34, 9),
(408, '20170325113047am', '', 6000, 0, 1, 0, '2017-03-25 14:30:47', '2017-03-25 18:48:38', 8, 3),
(409, '20170325113115am', '30-04-2017 07:45:50pm', 6485, 0, 0, 0, '2017-03-25 14:31:15', '2017-04-30 23:45:50', 8, 9),
(410, '20170325113139am', '', 3065, 0, 1, 0, '2017-03-25 14:31:40', '2017-03-25 14:31:51', 9, 9),
(411, '20170325113156am', '', 2610, 0, 1, 0, '2017-03-25 14:31:56', '2017-03-25 14:32:06', 9, 10),
(412, '20170325113235am', '', 3195, 0, 1, 0, '2017-03-25 14:32:35', '2017-03-25 14:32:54', 22, 10),
(413, '20170325113306am', '18-05-2017 12:22:45am', 3025, 0, 0, 0, '2017-03-25 14:33:06', '2017-03-25 14:33:17', 22, 9),
(414, '20170325113323am', '', 3160, 0, 1, 0, '2017-03-25 14:33:23', '2017-03-25 14:33:35', 22, 9),
(415, '20170325113339am', '', 3225, 0, 1, 0, '2017-03-25 14:33:40', '2017-05-01 00:57:53', 22, 3),
(416, '20170325113406am', '04-04-2017 04:52:29pm', 3340, 0, 0, 0, '2017-03-25 14:34:06', '2017-04-04 20:52:29', 22, 9),
(417, '20170325113427am', '30-04-2017 07:58:52pm', 3240, 0, 0, 0, '2017-03-25 14:34:28', '2017-04-30 23:58:52', 22, 9),
(418, '20170325113457am', '30-04-2017 07:33:41pm', 1130, 0, 0, 0, '2017-03-25 14:34:57', '2017-04-30 23:33:41', 22, 9),
(419, '20170325113518am', '04-04-2017 11:21:11am', 6475, 0, 0, 0, '2017-03-25 14:35:18', '2017-04-04 15:21:11', 1, 9),
(420, '20170325113535am', '30-04-2017 07:45:38pm', 3555, 0, 0, 0, '2017-03-25 14:35:35', '2017-04-30 23:45:38', 11, 9),
(421, '20170325113616am', '', 6000, 0, 1, 0, '2017-03-25 14:36:16', '2017-03-25 18:49:19', 16, 3),
(422, '20170325113633am', '30-04-2017 07:58:13pm', 3450, 0, 0, 0, '2017-03-25 14:36:33', '2017-04-30 23:58:13', 16, 9),
(423, '20170325113651am', '18-05-2017 12:17:13am', 3490, 0, 0, 0, '2017-03-25 14:36:51', '2017-03-25 14:37:02', 16, 9),
(424, '20170325113706am', '', 2960, 0, 1, 0, '2017-03-25 14:37:06', '2017-03-25 14:37:14', 16, 9),
(425, '20170325113720am', '17-05-2017 11:38:10pm', 3130, 0, 0, 0, '2017-03-25 14:37:20', '2017-04-01 15:24:01', 16, 9),
(426, '20170325113733am', '04-04-2017 11:59:06am', 2895, 0, 0, 0, '2017-03-25 14:37:33', '2017-04-04 15:59:06', 16, 9),
(427, '20170325113806am', '17-05-2017 04:26:35pm', 5845, 0, 0, 0, '2017-03-25 14:38:06', '2017-04-01 15:28:34', 8, 9),
(428, '20170325113827am', '18-05-2017 12:18:33am', 3330, 0, 0, 1, '2017-03-25 14:38:27', '2017-03-25 18:54:24', 39, 9),
(429, '20170325113845am', '04-04-2017 11:45:47am', 5870, 0, 0, 0, '2017-03-25 14:38:46', '2017-04-04 15:45:47', 3, 9),
(430, '20170325113947am', '04-04-2017 04:53:25pm', 3700, 0, 0, 0, '2017-03-25 14:39:47', '2017-04-04 20:53:25', 3, 9),
(431, '20170325114224am', '', 3240, 0, 1, 0, '2017-03-25 14:42:24', '2017-03-25 14:42:40', 37, 10),
(432, '20170325114249am', '30-04-2017 07:33:20pm', 3210, 0, 0, 0, '2017-03-25 14:42:49', '2017-04-30 23:33:20', 37, 9),
(433, '20170325114309am', '30-04-2017 07:59:56pm', 2975, 0, 0, 0, '2017-03-25 14:43:09', '2017-04-30 23:59:56', 37, 9),
(434, '20170325114327am', '17-05-2017 11:38:28pm', 2985, 0, 0, 0, '2017-03-25 14:43:27', '2017-04-04 17:18:26', 24, 9),
(435, '20170325114405am', '', 3200, 0, 1, 0, '2017-03-25 14:44:05', '2017-03-25 14:44:16', 24, 9),
(436, '20170325114421am', '', 3100, 0, 1, 0, '2017-03-25 14:44:21', '2017-03-25 14:44:32', 24, 9),
(437, '20170325114437am', '18-05-2017 12:19:56am', 3245, 0, 0, 0, '2017-03-25 14:44:37', '2017-03-25 14:44:52', 24, 9),
(438, '20170325114506am', '', 3540, 0, 1, 0, '2017-03-25 14:45:06', '2017-03-25 18:52:44', 44, 9),
(439, '20170325114525am', '30-04-2017 07:35:54pm', 6555, 0, 0, 0, '2017-03-25 14:45:25', '2017-04-30 23:35:54', 4, 9),
(440, '20170330040123pm', '30-04-2017 07:58:31pm', 3415, 0, 0, 1, '2017-03-30 20:01:23', '2017-04-30 23:58:31', 27, 9),
(441, '20170330040223pm', '30-04-2017 07:06:27pm', 2980, 0, 0, 0, '2017-03-30 20:02:24', '2017-04-30 23:06:27', 27, 9),
(442, '20170330040329pm', '', 3185, 0, 1, 0, '2017-03-30 20:03:29', '2017-04-01 15:15:54', 46, 9),
(443, '20170330040346pm', '', 3360, 0, 1, 0, '2017-03-30 20:03:46', '2017-05-01 00:58:54', 46, 3),
(444, '20170330040400pm', '', 1445, 0, 1, 0, '2017-03-30 20:04:00', '2017-03-30 20:04:11', 46, 4),
(445, '20170330040427pm', '30-04-2017 07:49:09pm', 3555, 0, 0, 0, '2017-03-30 20:04:28', '2017-04-30 23:49:09', 33, 9),
(446, '20170330040446pm', '', 3215, 0, 1, 0, '2017-03-30 20:04:47', '2017-03-30 20:04:57', 33, 10),
(447, '20170330040501pm', '', 2995, 0, 1, 0, '2017-03-30 20:05:02', '2017-03-30 20:05:09', 33, 4),
(448, '20170330040514pm', '', 3080, 0, 1, 0, '2017-03-30 20:05:14', '2017-03-30 20:05:20', 33, 4),
(449, '20170330040526pm', '', 2975, 0, 1, 0, '2017-03-30 20:05:26', '2017-03-30 20:05:34', 33, 9),
(450, '20170330040545pm', '', 3290, 0, 1, 0, '2017-03-30 20:05:45', '2017-03-30 20:05:54', 33, 9),
(451, '20170330040602pm', '04-04-2017 11:14:55am', 970, 0, 0, 0, '2017-03-30 20:06:02', '2017-04-04 15:14:55', 33, 9),
(452, '20170330040652pm', '', 3105, 0, 1, 0, '2017-03-30 20:06:52', '2017-05-01 01:03:13', 9, 3),
(453, '20170330040708pm', '30-04-2017 07:37:42pm', 6990, 0, 0, 0, '2017-03-30 20:07:08', '2017-04-30 23:37:42', 8, 9),
(454, '20170330040744pm', '17-05-2017 03:24:43pm', 5880, 0, 0, 0, '2017-03-30 20:07:44', '2017-05-01 00:29:53', 3, 9),
(455, '20170330040855pm', '18-05-2017 12:13:31am', 6140, 0, 0, 0, '2017-03-30 20:08:55', '2017-04-04 20:39:41', 3, 9);
INSERT INTO `tbl3s` (`id`, `str1`, `str2`, `ent1`, `ent2`, `ent3`, `bol1`, `createdAt`, `updatedAt`, `tbl1Id`, `tbl2Id`) VALUES
(456, '20170401110313am', '17-05-2017 03:53:06pm', 3645, 0, 0, 0, '2017-04-01 15:03:13', '2017-04-01 15:14:03', 13, 9),
(457, '20170401110415am', '30-04-2017 07:44:32pm', 5850, 0, 0, 0, '2017-04-01 15:04:15', '2017-04-30 23:44:32', 10, 9),
(458, '20170401110546am', '', 3015, 0, 1, 0, '2017-04-01 15:05:46', '2017-04-01 15:06:06', 25, 10),
(459, '20170401110615am', '', 3140, 0, 1, 0, '2017-04-01 15:06:15', '2017-04-01 15:06:25', 25, 4),
(460, '20170401110638am', '18-05-2017 12:13:58am', 2810, 0, 0, 0, '2017-04-01 15:06:38', '2017-04-01 15:06:44', 25, 9),
(461, '20170401110651am', '', 3020, 0, 1, 0, '2017-04-01 15:06:51', '2017-04-01 15:07:10', 48, 9),
(462, '20170401110802am', '', 2955, 0, 1, 0, '2017-04-01 15:08:02', '2017-04-01 15:08:12', 48, 10),
(463, '20170401110820am', '18-05-2017 12:31:35am', 3425, 0, 0, 0, '2017-04-01 15:08:20', '2017-04-04 17:16:15', 28, 9),
(464, '20170401110854am', '', 2970, 0, 1, 0, '2017-04-01 15:08:54', '2017-04-01 15:09:02', 28, 10),
(465, '20170404110103am', '17-05-2017 04:48:55pm', 6795, 0, 0, 0, '2017-04-04 15:01:03', '2017-04-04 20:42:06', 1, 9),
(466, '20170404110156am', '', 3480, 0, 1, 0, '2017-04-04 15:01:56', '2017-04-04 15:02:04', 1, 3),
(467, '20170404110212am', '', 3295, 0, 1, 0, '2017-04-04 15:02:12', '2017-04-04 15:02:19', 1, 3),
(468, '20170404110232am', '18-05-2017 12:05:51am', 3595, 0, 0, 0, '2017-04-04 15:02:33', '2017-04-04 17:12:03', 12, 9),
(469, '20170404110359am', '18-05-2017 12:17:28am', 3150, 0, 0, 0, '2017-04-04 15:03:59', '2017-04-04 15:04:16', 13, 9),
(470, '20170404110430am', '18-05-2017 12:02:06am', 2970, 0, 0, 0, '2017-04-04 15:04:30', '2017-04-04 15:04:38', 9, 9),
(471, '20170404110445am', '30-04-2017 07:46:15pm', 3025, 0, 0, 0, '2017-04-04 15:04:45', '2017-04-30 23:46:15', 9, 9),
(472, '20170404110509am', '', 3325, 0, 1, 1, '2017-04-04 15:05:09', '2017-05-01 00:54:09', 34, 3),
(473, '20170427103822am', '', 3605, 0, 1, 0, '2017-04-27 14:38:22', '2017-05-01 00:52:56', 8, 3),
(474, '20170427103849am', '18-05-2017 12:38:26am', 3405, 0, 0, 0, '2017-04-27 14:38:49', '2017-04-27 14:39:40', 3, 10),
(475, '20170427104042am', '', 3245, 0, 1, 0, '2017-04-27 14:40:42', '2017-05-01 00:55:04', 3, 3),
(476, '20170427104154am', '30-04-2017 07:56:48pm', 6070, 0, 0, 0, '2017-04-27 14:41:54', '2017-04-30 23:56:48', 2, 9),
(477, '20170427104212am', '', 6195, 0, 1, 0, '2017-04-27 14:42:12', '2017-05-01 00:49:48', 2, 3),
(478, '20170427104230am', '', 3445, 0, 1, 0, '2017-04-27 14:42:30', '2017-04-27 14:43:25', 17, 4),
(479, '20170427104332am', '', 3285, 0, 1, 0, '2017-04-27 14:43:32', '2017-04-27 14:43:41', 17, 4),
(480, '20170427104348am', '', 2885, 0, 1, 0, '2017-04-27 14:43:48', '2017-04-27 14:43:54', 17, 9),
(481, '20170427104401am', '30-04-2017 07:44:52pm', 6200, 0, 0, 0, '2017-04-27 14:44:02', '2017-04-30 23:44:52', 1, 4),
(482, '20170427104435am', '', 7135, 0, 1, 0, '2017-04-27 14:44:35', '2017-05-01 00:39:53', 11, 3),
(483, '20170427104456am', '18-05-2017 12:23:49am', 6880, 0, 0, 0, '2017-04-27 14:44:56', '2017-04-27 14:45:13', 10, 9),
(484, '20170427104529am', '', 5990, 0, 1, 0, '2017-04-27 14:45:29', '2017-05-01 00:50:57', 8, 3),
(485, '20170427104545am', '', 6280, 0, 1, 0, '2017-04-27 14:45:45', '2017-05-01 00:51:41', 3, 3),
(486, '20170427104605am', '', 5575, 0, 1, 0, '2017-04-27 14:46:05', '2017-05-01 00:39:31', 3, 3),
(487, '20170427104906am', '', 3435, 0, 1, 0, '2017-04-27 14:49:06', '2017-04-27 14:49:19', 39, 9),
(488, '20170427104929am', '', 2995, 0, 1, 0, '2017-04-27 14:49:29', '2017-05-01 00:43:43', 6, 3),
(489, '20170427104942am', '', 3245, 0, 1, 0, '2017-04-27 14:49:42', '2017-05-01 00:59:51', 6, 3),
(490, '20170427104957am', '', 6240, 0, 1, 0, '2017-04-27 14:49:57', '2017-04-27 14:50:04', 6, 9),
(491, '20170427105010am', '30-04-2017 07:48:08pm', 5835, 0, 0, 0, '2017-04-27 14:50:10', '2017-04-30 23:48:08', 6, 4),
(492, '20170427105023am', '18-05-2017 12:37:03am', 2320, 0, 0, 0, '2017-04-27 14:50:23', '2017-05-01 00:40:49', 6, 10),
(493, '20170427105041am', '', 3335, 0, 1, 0, '2017-04-27 14:50:41', '2017-05-01 00:44:21', 50, 3),
(494, '20170427105058am', '', 2845, 0, 1, 0, '2017-04-27 14:50:58', '2017-05-01 00:45:59', 50, 3),
(495, '20170427105116am', '', 3655, 0, 1, 0, '2017-04-27 14:51:16', '2017-04-27 14:51:28', 41, 4),
(496, '20170427111500am', '', 2525, 0, 1, 0, '2017-04-27 15:15:00', '2017-04-27 15:15:09', 41, 4),
(497, '20170427111515am', '', 6885, 0, 1, 0, '2017-04-27 15:15:15', '2017-04-27 15:15:23', 5, 9),
(498, '20170427111529am', '18-05-2017 12:01:48am', 6520, 0, 0, 0, '2017-04-27 15:15:29', '2017-04-27 15:15:38', 5, 9),
(499, '20170427111544am', '', 3290, 0, 1, 0, '2017-04-27 15:15:44', '2017-04-27 15:15:50', 5, 10),
(500, '20170427111559am', '', 3250, 0, 1, 0, '2017-04-27 15:15:59', '2017-04-27 15:16:07', 5, 10),
(501, '20170427111629am', '', 2910, 0, 1, 0, '2017-04-27 15:16:29', '2017-04-27 15:16:36', 40, 4),
(502, '20170427111642am', '', 1395, 0, 1, 0, '2017-04-27 15:16:42', '2017-04-27 15:16:50', 40, 4),
(503, '20170427111652am', '', 3060, 0, 1, 0, '2017-04-27 15:16:52', '2017-04-27 15:17:16', 18, 4),
(504, '20170427111722am', '', 3255, 0, 1, 0, '2017-04-27 15:17:23', '2017-04-27 15:17:30', 18, 9),
(505, '20170427111737am', '30-04-2017 07:55:39pm', 6730, 0, 0, 0, '2017-04-27 15:17:37', '2017-04-30 23:55:39', 4, 4),
(506, '20170427111752am', '17-05-2017 03:32:23pm', 6885, 0, 0, 0, '2017-04-27 15:17:52', '2017-04-27 15:18:00', 4, 9),
(507, '20170427111809am', '', 3520, 0, 1, 0, '2017-04-27 15:18:09', '2017-04-27 15:18:18', 27, 10),
(508, '20170427111824am', '18-05-2017 12:09:00am', 3320, 0, 0, 0, '2017-04-27 15:18:24', '2017-04-27 15:18:30', 27, 9),
(509, '20170427111836am', '17-05-2017 11:39:40pm', 960, 0, 0, 0, '2017-04-27 15:18:36', '2017-04-27 15:18:45', 27, 9),
(510, '20170427111858am', '', 2970, 0, 1, 0, '2017-04-27 15:18:58', '2017-04-27 15:19:05', 29, 10),
(511, '20170427111909am', '18-05-2017 12:02:31am', 3175, 0, 0, 0, '2017-04-27 15:19:10', '2017-04-27 15:19:15', 29, 9),
(512, '20170427111923am', '', 6000, 0, 1, 0, '2017-04-27 15:19:23', '2017-04-27 15:19:33', 3, 20),
(513, '20170427111939am', '', 2890, 0, 1, 0, '2017-04-27 15:19:39', '2017-04-27 15:19:49', 9, 9),
(514, '20170427112004am', '', 3105, 0, 1, 0, '2017-04-27 15:20:04', '2017-04-27 15:20:10', 9, 10),
(515, '20170427112015am', '30-04-2017 07:57:17pm', 6235, 0, 0, 0, '2017-04-27 15:20:15', '2017-04-30 23:57:17', 3, 9),
(516, '20170427112035am', '', 6480, 0, 1, 0, '2017-04-27 15:20:35', '2017-04-27 15:20:40', 1, 9),
(517, '20170427112044am', '30-04-2017 08:03:32pm', 6285, 0, 0, 0, '2017-04-27 15:20:45', '2017-05-01 00:03:32', 1, 4),
(518, '20170427112056am', '18-05-2017 12:09:56am', 3610, 0, 0, 0, '2017-04-27 15:20:56', '2017-04-27 15:21:10', 10, 9),
(519, '20170427114908am', '', 5945, 0, 1, 0, '2017-04-27 15:49:09', '2017-04-27 15:49:19', 7, 9),
(520, '20170427114926am', '18-05-2017 12:27:54am', 6555, 0, 0, 0, '2017-04-27 15:49:26', '2017-04-27 15:49:31', 7, 9),
(521, '20170427114936am', '17-05-2017 11:58:43pm', 6710, 0, 0, 0, '2017-04-27 15:49:36', '2017-04-27 15:49:50', 7, 9),
(522, '20170427114956am', '', 2900, 0, 1, 0, '2017-04-27 15:49:56', '2017-04-27 15:50:03', 7, 10),
(523, '20170427115012am', '', 6830, 0, 1, 0, '2017-04-27 15:50:12', '2017-04-27 15:50:39', 11, 9),
(524, '20170427115046am', '', 6000, 0, 1, 0, '2017-04-27 15:50:46', '2017-04-27 15:50:59', 12, 4),
(525, '20170427115120am', '', 3255, 0, 1, 0, '2017-04-27 15:51:20', '2017-04-27 15:51:33', 13, 4),
(526, '20170427115139am', '', 3465, 0, 1, 0, '2017-04-27 15:51:39', '2017-04-27 15:51:50', 12, 10),
(527, '20170427115155am', '', 3355, 0, 1, 0, '2017-04-27 15:51:56', '2017-04-27 15:52:05', 13, 9),
(528, '20170427115215am', '30-04-2017 08:03:44pm', 1050, 0, 0, 0, '2017-04-27 15:52:15', '2017-05-01 00:03:44', 13, 4),
(529, '20170427115241am', '', 6590, 0, 1, 0, '2017-04-27 15:52:41', '2017-04-27 15:52:47', 1, 9),
(530, '20170427115254am', '', 3475, 0, 1, 0, '2017-04-27 15:52:54', '2017-04-27 15:53:02', 1, 10),
(531, '20170427115307am', '18-05-2017 12:33:35am', 3315, 0, 0, 0, '2017-04-27 15:53:07', '2017-04-27 15:53:12', 1, 10),
(532, '20170427115318am', '', 3440, 0, 1, 0, '2017-04-27 15:53:19', '2017-04-27 15:53:51', 11, 10),
(533, '20170427115403am', '18-05-2017 12:13:04am', 3495, 0, 0, 0, '2017-04-27 15:54:03', '2017-04-27 15:54:13', 11, 9),
(534, '20170427115431am', '18-05-2017 12:01:11am', 6650, 0, 0, 0, '2017-04-27 15:54:31', '2017-04-27 15:54:53', 4, 9),
(535, '20170427115459am', '', 3455, 0, 1, 0, '2017-04-27 15:54:59', '2017-04-27 15:55:05', 4, 10),
(536, '20170427115511am', '', 3480, 0, 1, 0, '2017-04-27 15:55:11', '2017-04-27 15:55:20', 4, 10),
(537, '20170427115525am', '18-05-2017 12:23:36am', 3525, 0, 0, 0, '2017-04-27 15:55:25', '2017-04-27 15:55:38', 27, 9),
(538, '20170427115544am', '', 3270, 0, 1, 0, '2017-04-27 15:55:44', '2017-04-27 15:55:50', 27, 9),
(539, '20170427115607am', '', 3760, 0, 1, 0, '2017-04-27 15:56:08', '2017-04-27 15:56:14', 8, 10),
(540, '20170427115619am', '', 6775, 0, 1, 0, '2017-04-27 15:56:19', '2017-04-27 15:56:24', 8, 9),
(541, '20170427115635am', '18-05-2017 12:16:49am', 3310, 0, 0, 0, '2017-04-27 15:56:35', '2017-04-27 15:56:44', 34, 9),
(542, '20170427115652am', '', 6310, 0, 1, 0, '2017-04-27 15:56:52', '2017-04-27 15:57:02', 3, 9),
(543, '20170427115708am', '18-05-2017 12:37:40am', 3030, 0, 0, 0, '2017-04-27 15:57:08', '2017-04-27 15:57:14', 3, 10),
(544, '20170427115720am', '', 1435, 0, 1, 0, '2017-04-27 15:57:20', '2017-04-27 15:57:25', 3, 10),
(545, '20170427115732am', '', 3240, 0, 1, 0, '2017-04-27 15:57:32', '2017-04-27 15:57:49', 23, 10),
(546, '20170427115755am', '', 3005, 0, 1, 0, '2017-04-27 15:57:55', '2017-04-27 15:58:02', 23, 9),
(547, '20170427115838am', '', 3370, 0, 1, 0, '2017-04-27 15:58:39', '2017-04-27 15:58:55', 51, 9),
(548, '20170427115903am', '', 3010, 0, 1, 0, '2017-04-27 15:59:03', '2017-04-27 15:59:08', 51, 10),
(549, '20170427115920am', '', 3025, 0, 1, 0, '2017-04-27 15:59:20', '2017-04-27 15:59:38', 26, 9),
(550, '20170427115944am', '', 3145, 0, 1, 0, '2017-04-27 15:59:44', '2017-04-27 15:59:57', 26, 10),
(551, '20170427120003pm', '', 3095, 0, 1, 0, '2017-04-27 16:00:03', '2017-04-27 16:00:09', 26, 9),
(552, '20170427120014pm', '', 1000, 0, 1, 0, '2017-04-27 16:00:14', '2017-04-27 16:00:20', 26, 4),
(553, '20170427120026pm', '17-05-2017 11:59:26pm', 6140, 0, 0, 0, '2017-04-27 16:00:26', '2017-05-01 00:09:15', 2, 9),
(554, '20170427120035pm', '18-05-2017 12:23:59am', 5840, 0, 0, 0, '2017-04-27 16:00:35', '2017-04-27 16:00:39', 2, 9),
(555, '20170427120044pm', '', 5845, 0, 1, 0, '2017-04-27 16:00:44', '2017-04-27 16:00:49', 2, 9),
(556, '20170427120054pm', '', 2620, 0, 1, 0, '2017-04-27 16:00:54', '2017-04-27 16:01:01', 2, 10),
(557, '20170427120112pm', '', 3305, 0, 1, 0, '2017-04-27 16:01:12', '2017-04-27 16:01:22', 14, 10),
(558, '20170427120129pm', '', 3140, 0, 1, 0, '2017-04-27 16:01:29', '2017-04-27 16:01:34', 14, 4),
(559, '20170427120139pm', '', 3490, 0, 1, 0, '2017-04-27 16:01:39', '2017-04-27 16:01:44', 14, 9),
(560, '20170427120149pm', '', 3590, 0, 1, 0, '2017-04-27 16:01:49', '2017-04-27 16:01:53', 14, 9),
(561, '20170427120157pm', '', 3555, 0, 1, 0, '2017-04-27 16:01:57', '2017-04-27 16:02:02', 14, 4),
(562, '20170427120207pm', '', 3510, 0, 1, 0, '2017-04-27 16:02:07', '2017-04-27 16:02:11', 14, 4),
(563, '20170427120217pm', '', 2665, 0, 1, 0, '2017-04-27 16:02:17', '2017-04-27 16:02:26', 20, 9),
(564, '20170427120235pm', '18-05-2017 12:28:59am', 3135, 0, 0, 0, '2017-04-27 16:02:35', '2017-04-27 16:02:43', 21, 9),
(565, '20170427120248pm', '', 2975, 0, 1, 0, '2017-04-27 16:02:48', '2017-04-27 16:02:54', 21, 9),
(566, '20170427120302pm', '', 2570, 0, 1, 0, '2017-04-27 16:03:02', '2017-04-27 16:03:07', 21, 9),
(567, '20170427120312pm', '', 2825, 0, 1, 0, '2017-04-27 16:03:12', '2017-04-27 16:03:25', 37, 10),
(568, '20170427120331pm', '', 2900, 0, 1, 0, '2017-04-27 16:03:31', '2017-04-27 16:03:39', 37, 4),
(569, '20170427120344pm', '', 2980, 0, 1, 0, '2017-04-27 16:03:44', '2017-04-27 16:03:49', 37, 9),
(570, '20170427120355pm', '', 2245, 0, 1, 0, '2017-04-27 16:03:55', '2017-04-27 16:04:11', 37, 10),
(571, '20170427120422pm', '', 2780, 0, 1, 0, '2017-04-27 16:04:22', '2017-04-27 16:04:32', 50, 4),
(572, '20170427120437pm', '', 3050, 0, 1, 0, '2017-04-27 16:04:37', '2017-04-27 16:04:42', 50, 9),
(573, '20170427120447pm', '', 3290, 0, 1, 0, '2017-04-27 16:04:47', '2017-04-27 16:04:50', 50, 4),
(574, '20170427120457pm', '18-05-2017 12:06:31am', 880, 0, 0, 0, '2017-04-27 16:04:57', '2017-04-27 16:05:02', 50, 9),
(575, '20170427120510pm', '18-05-2017 12:17:43am', 6575, 0, 0, 0, '2017-04-27 16:05:10', '2017-04-27 16:05:15', 1, 9),
(576, '20170427120519pm', '', 3545, 0, 1, 0, '2017-04-27 16:05:19', '2017-04-27 16:05:23', 1, 10),
(577, '20170427120528pm', '', 3035, 0, 1, 0, '2017-04-27 16:05:28', '2017-04-27 16:05:32', 1, 10),
(578, '20170427120539pm', '18-05-2017 12:16:15am', 6420, 0, 0, 0, '2017-04-27 16:05:39', '2017-04-27 16:05:48', 8, 9),
(579, '20170427120603pm', '', 2900, 0, 1, 0, '2017-04-27 16:06:03', '2017-04-27 16:06:11', 8, 10),
(580, '20170427120615pm', '18-05-2017 12:24:22am', 5890, 0, 0, 0, '2017-04-27 16:06:15', '2017-04-27 16:06:25', 3, 9),
(581, '20170429105403am', '', 6845, 0, 1, 0, '2017-04-29 14:54:04', '2017-04-29 14:54:09', 1, 9),
(582, '20170429105416am', '', 3240, 0, 1, 1, '2017-04-29 14:54:16', '2017-04-29 14:54:39', 13, 9),
(583, '20170429105425am', '', 3280, 0, 1, 0, '2017-04-29 14:54:25', '2017-04-29 14:55:01', 13, 10),
(584, '20170429105507am', '', 3170, 0, 1, 0, '2017-04-29 14:55:07', '2017-04-29 14:55:18', 12, 9),
(585, '20170429105523am', '18-05-2017 12:22:10am', 3205, 0, 0, 0, '2017-04-29 14:55:23', '2017-04-29 14:55:33', 12, 9),
(586, '20170429105539am', '18-05-2017 12:38:56am', 980, 0, 0, 0, '2017-04-29 14:55:39', '2017-04-29 14:55:47', 12, 10),
(587, '20170429105556am', '', 3440, 0, 1, 0, '2017-04-29 14:55:56', '2017-04-29 14:56:14', 44, 9),
(588, '20170429105616am', '', 1110, 0, 1, 0, '2017-04-29 14:56:17', '2017-04-29 14:56:27', 44, 4),
(589, '20170429105633am', '', 6590, 0, 1, 0, '2017-04-29 14:56:34', '2017-04-29 14:56:45', 5, 9),
(590, '20170429105651am', '', 6620, 0, 1, 0, '2017-04-29 14:56:51', '2017-04-29 14:56:59', 5, 9),
(591, '20170429105705am', '', 2860, 0, 1, 0, '2017-04-29 14:57:05', '2017-04-29 14:57:10', 5, 10),
(592, '20170429105715am', '', 3130, 0, 1, 0, '2017-04-29 14:57:15', '2017-04-29 14:57:27', 40, 9),
(593, '20170429105732am', '', 3035, 0, 1, 0, '2017-04-29 14:57:32', '2017-04-29 14:58:30', 5, 4),
(594, '20170429105841am', '', 6160, 0, 1, 0, '2017-04-29 14:58:41', '2017-04-29 14:58:56', 4, 9),
(595, '20170429105903am', '18-05-2017 12:24:40am', 6665, 0, 0, 0, '2017-04-29 14:59:03', '2017-04-29 14:59:12', 4, 9),
(596, '20170429105926am', '', 3295, 0, 1, 0, '2017-04-29 14:59:27', '2017-04-29 14:59:37', 4, 4),
(597, '20170429105942am', '', 4815, 0, 1, 0, '2017-04-29 14:59:42', '2017-04-29 14:59:50', 4, 9),
(598, '20170429105956am', '', 6260, 0, 1, 0, '2017-04-29 14:59:56', '2017-04-29 15:00:04', 6, 9),
(599, '20170429110009am', '', 5975, 0, 1, 0, '2017-04-29 15:00:09', '2017-04-29 15:00:15', 6, 9),
(600, '20170429111441am', '18-05-2017 12:11:57am', 5375, 0, 0, 0, '2017-04-29 15:14:41', '2017-04-29 15:14:50', 6, 9),
(601, '20170429111458am', '', 3095, 0, 1, 0, '2017-04-29 15:14:58', '2017-04-29 15:15:03', 6, 10),
(602, '20170506110955am', '', 2915, 0, 1, 0, '2017-05-06 15:09:55', '2017-05-06 15:10:50', 29, 4),
(603, '20170506111052am', '', 3100, 0, 1, 0, '2017-05-06 15:10:52', '2017-05-06 15:11:07', 29, 4),
(604, '20170506111114am', '', 3170, 0, 1, 0, '2017-05-06 15:11:14', '2017-05-06 15:11:22', 29, 9),
(605, '20170506111128am', '', 905, 0, 1, 0, '2017-05-06 15:11:28', '2017-05-06 15:11:34', 29, 4),
(606, '20170506111142am', '', 3040, 0, 1, 0, '2017-05-06 15:11:42', '2017-05-06 15:12:04', 34, 9),
(607, '20170506111209am', '', 3120, 0, 1, 0, '2017-05-06 15:12:09', '2017-05-06 15:12:18', 34, 10),
(608, '20170506111224am', '', 6070, 0, 1, 0, '2017-05-06 15:12:24', '2017-05-06 15:12:32', 8, 9),
(609, '20170506111237am', '', 5925, 0, 1, 0, '2017-05-06 15:12:38', '2017-05-06 15:12:53', 3, 9),
(610, '20170506111259am', '', 3240, 0, 1, 0, '2017-05-06 15:13:00', '2017-05-06 15:13:48', 34, 10),
(611, '20170506111417am', '', 6640, 0, 1, 0, '2017-05-06 15:14:17', '2017-05-06 15:14:23', 1, 4),
(612, '20170506111431am', '', 6480, 0, 1, 0, '2017-05-06 15:14:31', '2017-05-06 15:14:40', 1, 9),
(613, '20170506111456am', '', 2990, 0, 1, 0, '2017-05-06 15:14:56', '2017-05-06 15:15:14', 10, 4),
(614, '20170506111523am', '', 4170, 0, 1, 0, '2017-05-06 15:15:23', '2017-05-06 15:15:36', 10, 9),
(615, '20170506111547am', '', 2850, 0, 1, 0, '2017-05-06 15:15:47', '2017-05-06 15:16:05', 25, 4),
(616, '20170506111610am', '', 3200, 0, 1, 0, '2017-05-06 15:16:10', '2017-05-06 15:16:18', 25, 9),
(617, '20170506111623am', '', 3000, 0, 1, 0, '2017-05-06 15:16:23', '2017-05-06 15:16:35', 48, 4),
(618, '20170506111643am', '', 2855, 0, 1, 0, '2017-05-06 15:16:44', '2017-05-06 15:16:53', 48, 9),
(619, '20170506111700am', '', 3130, 0, 1, 0, '2017-05-06 15:17:00', '2017-05-06 15:17:09', 25, 9),
(620, '20170506111714am', '', 3035, 0, 1, 0, '2017-05-06 15:17:14', '2017-05-06 15:17:31', 28, 10),
(621, '20170506111740am', '', 2535, 0, 1, 0, '2017-05-06 15:17:40', '2017-05-06 15:18:07', 28, 9),
(622, '20170506111816am', '', 3130, 0, 1, 0, '2017-05-06 15:18:16', '2017-05-06 15:18:30', 36, 4),
(623, '20170506111837am', '', 3150, 0, 1, 0, '2017-05-06 15:18:37', '2017-05-06 15:18:45', 36, 9),
(624, '20170506111851am', '', 3100, 0, 1, 0, '2017-05-06 15:18:51', '2017-05-06 15:19:29', 36, 4),
(625, '20170506111935am', '', 1455, 0, 1, 0, '2017-05-06 15:19:35', '2017-05-06 15:19:43', 36, 4),
(626, '20170506111952am', '', 2680, 0, 1, 0, '2017-05-06 15:19:53', '2017-05-06 15:20:08', 43, 4),
(627, '20170506112014am', '', 2920, 0, 1, 0, '2017-05-06 15:20:14', '2017-05-06 15:20:20', 43, 4),
(628, '20170506112025am', '', 2820, 0, 1, 0, '2017-05-06 15:20:25', '2017-05-06 15:20:35', 43, 9),
(629, '20170506112037am', '', 1605, 0, 1, 0, '2017-05-06 15:20:37', '2017-05-06 15:20:48', 43, 4),
(630, '20170506112113am', '', 3010, 0, 1, 0, '2017-05-06 15:21:13', '2017-05-06 15:21:33', 15, 9),
(631, '20170425111716am', '', 6545, 0, 1, 0, '0000-00-00 00:00:00', '0000-00-00 00:00:00', 10, 9),
(632, '20170517112619am', '', 3125, 0, 1, 0, '0000-00-00 00:00:00', '0000-00-00 00:00:00', 51, 4),
(633, '20170517112652am', '', 3200, 0, 1, 0, '0000-00-00 00:00:00', '0000-00-00 00:00:00', 51, 4),
(634, '20170517112755am', '', 3095, 0, 1, 0, '0000-00-00 00:00:00', '0000-00-00 00:00:00', 51, 10),
(635, '20170517112828am', '', 2965, 0, 1, 0, '0000-00-00 00:00:00', '0000-00-00 00:00:00', 15, 4),
(636, '20170517112909am', '', 3100, 0, 1, 0, '0000-00-00 00:00:00', '0000-00-00 00:00:00', 15, 4),
(637, '20170517112941am', '', 2780, 0, 1, 0, '0000-00-00 00:00:00', '0000-00-00 00:00:00', 15, 4),
(638, '20170517113019am', '', 5970, 0, 1, 0, '0000-00-00 00:00:00', '0000-00-00 00:00:00', 2, 9),
(639, '20170517113051am', '', 6015, 0, 1, 0, '0000-00-00 00:00:00', '0000-00-00 00:00:00', 2, 9),
(640, '20170517113122am', '', 3095, 0, 1, 0, '0000-00-00 00:00:00', '0000-00-00 00:00:00', 2, 10),
(641, '20170517113153am', '', 5105, 0, 1, 0, '0000-00-00 00:00:00', '0000-00-00 00:00:00', 2, 4),
(642, '20170517113231am', '', 3135, 0, 1, 0, '0000-00-00 00:00:00', '0000-00-00 00:00:00', 9, 4),
(643, '20170517113324am', '', 6435, 0, 1, 0, '0000-00-00 00:00:00', '0000-00-00 00:00:00', 8, 9),
(644, '20170517113352am', '', 6000, 0, 1, 0, '0000-00-00 00:00:00', '0000-00-00 00:00:00', 3, 4),
(645, '20170517113421am', '', 5960, 0, 1, 0, '0000-00-00 00:00:00', '0000-00-00 00:00:00', 3, 9),
(646, '20170517113507am', '', 6000, 0, 1, 0, '0000-00-00 00:00:00', '0000-00-00 00:00:00', 7, 20),
(647, '20170517113534am', '', 6370, 0, 1, 0, '0000-00-00 00:00:00', '0000-00-00 00:00:00', 7, 4),
(648, '20170517113605am', '', 3270, 0, 1, 0, '0000-00-00 00:00:00', '0000-00-00 00:00:00', 7, 4),
(649, '20170517113641am', '', 5785, 0, 1, 0, '0000-00-00 00:00:00', '0000-00-00 00:00:00', 7, 9),
(650, '20170517113710am', '', 1135, 0, 1, 0, '0000-00-00 00:00:00', '0000-00-00 00:00:00', 7, 4),
(651, '20170517113757am', '', 6000, 0, 1, 0, '0000-00-00 00:00:00', '0000-00-00 00:00:00', 1, 20),
(652, '20170517113829am', '', 6405, 0, 1, 0, '0000-00-00 00:00:00', '0000-00-00 00:00:00', 1, 9),
(653, '20170517113858am', '', 6410, 0, 1, 0, '0000-00-00 00:00:00', '0000-00-00 00:00:00', 10, 4),
(654, '20170517113930am', '', 1720, 0, 1, 0, '0000-00-00 00:00:00', '0000-00-00 00:00:00', 10, 10),
(655, '20170517114013am', '', 6550, 0, 1, 0, '0000-00-00 00:00:00', '0000-00-00 00:00:00', 4, 4),
(656, '20170517114041am', '', 5945, 0, 1, 0, '0000-00-00 00:00:00', '0000-00-00 00:00:00', 4, 9),
(657, '20170517114115am', '', 3630, 0, 1, 0, '0000-00-00 00:00:00', '0000-00-00 00:00:00', 27, 4),
(658, '20170517114145am', '', 3380, 0, 1, 0, '0000-00-00 00:00:00', '0000-00-00 00:00:00', 27, 4),
(659, '20170517114217am', '', 2530, 0, 1, 0, '0000-00-00 00:00:00', '0000-00-00 00:00:00', 27, 9),
(660, '20170517114313am', '', 3345, 0, 1, 0, '0000-00-00 00:00:00', '0000-00-00 00:00:00', 9, 10),
(661, '20170517114346am', '', 3285, 0, 1, 0, '0000-00-00 00:00:00', '0000-00-00 00:00:00', 39, 4),
(662, '20170517114417am', '', 3270, 0, 1, 0, '0000-00-00 00:00:00', '0000-00-00 00:00:00', 34, 4),
(663, '20170517114445am', '', 2950, 0, 1, 0, '0000-00-00 00:00:00', '0000-00-00 00:00:00', 3, 4);

-- --------------------------------------------------------

--
-- Estructura de tabla para la tabla `tbl4s`
--

CREATE TABLE IF NOT EXISTS `tbl4s` (
  `id` int(11) NOT NULL AUTO_INCREMENT,
  `str1` varchar(255) DEFAULT NULL,
  `str2` varchar(255) DEFAULT NULL,
  `createdAt` datetime NOT NULL,
  `updatedAt` datetime NOT NULL,
  PRIMARY KEY (`id`)
) ENGINE=InnoDB DEFAULT CHARSET=utf8 AUTO_INCREMENT=1 ;

-- --------------------------------------------------------

--
-- Estructura de tabla para la tabla `tbl5s`
--

CREATE TABLE IF NOT EXISTS `tbl5s` (
  `id` int(11) NOT NULL AUTO_INCREMENT,
  `str1` varchar(255) DEFAULT NULL,
  `str2` varchar(255) DEFAULT NULL,
  `ent1` int(11) DEFAULT NULL,
  `createdAt` datetime NOT NULL,
  `updatedAt` datetime NOT NULL,
  PRIMARY KEY (`id`)
) ENGINE=InnoDB DEFAULT CHARSET=utf8 AUTO_INCREMENT=1 ;

-- --------------------------------------------------------

--
-- Estructura de tabla para la tabla `tbl6s`
--

CREATE TABLE IF NOT EXISTS `tbl6s` (
  `id` int(11) NOT NULL AUTO_INCREMENT,
  `str1` varchar(255) DEFAULT NULL,
  `dat1` varchar(255) DEFAULT NULL,
  `ent1` int(11) DEFAULT NULL,
  `createdAt` datetime NOT NULL,
  `updatedAt` datetime NOT NULL,
  PRIMARY KEY (`id`)
) ENGINE=InnoDB DEFAULT CHARSET=utf8 AUTO_INCREMENT=1 ;

-- --------------------------------------------------------

--
-- Estructura de tabla para la tabla `tbl7s`
--

CREATE TABLE IF NOT EXISTS `tbl7s` (
  `id` int(11) NOT NULL AUTO_INCREMENT,
  `str1` varchar(255) DEFAULT NULL,
  `ent1` int(11) DEFAULT NULL,
  `ent2` int(11) DEFAULT NULL,
  `ent3` int(11) DEFAULT NULL,
  `createdAt` datetime NOT NULL,
  `updatedAt` datetime NOT NULL,
  `tbl5Id` int(11) DEFAULT NULL,
  `tbl6Id` int(11) DEFAULT NULL,
  PRIMARY KEY (`id`)
) ENGINE=InnoDB DEFAULT CHARSET=utf8 AUTO_INCREMENT=1 ;

-- --------------------------------------------------------

--
-- Estructura de tabla para la tabla `tbl8s`
--

CREATE TABLE IF NOT EXISTS `tbl8s` (
  `id` int(11) NOT NULL AUTO_INCREMENT,
  `str1` varchar(255) DEFAULT NULL,
  `ent1` int(11) DEFAULT NULL,
  `ent2` int(11) DEFAULT NULL,
  `ent3` int(11) DEFAULT NULL,
  `createdAt` datetime NOT NULL,
  `updatedAt` datetime NOT NULL,
  PRIMARY KEY (`id`)
) ENGINE=InnoDB  DEFAULT CHARSET=utf8 AUTO_INCREMENT=391 ;

--
-- Volcado de datos para la tabla `tbl8s`
--

INSERT INTO `tbl8s` (`id`, `str1`, `ent1`, `ent2`, `ent3`, `createdAt`, `updatedAt`) VALUES
(1, 'Translado-20170308090450am', 3, 9, 253, '2017-03-09 12:04:50', '2017-03-09 12:05:34'),
(3, 'Translado-20170308090554am', 3, 9, 218, '2017-03-09 12:05:54', '2017-03-09 12:06:23'),
(4, 'Translado-20170308090653am', 3, 9, 256, '2017-03-09 12:06:53', '2017-03-09 12:07:39'),
(5, 'Translado-20170308090801am', 3, 9, 250, '2017-03-09 12:08:02', '2017-03-09 12:08:47'),
(6, 'Translado-20170307013119pm', 4, 9, 278, '2017-03-09 16:31:20', '2017-03-09 16:32:34'),
(7, 'Translado-20170307013303pm', 4, 9, 284, '2017-03-09 16:33:04', '2017-03-09 17:54:16'),
(8, 'Translado-20170307021843pm', 4, 9, 281, '2017-03-09 17:18:44', '2017-03-09 17:54:26'),
(9, 'Translado-20170307022004pm', 4, 9, 263, '2017-03-09 17:20:05', '2017-03-09 17:54:37'),
(10, 'Translado-20170307022103pm', 4, 9, 261, '2017-03-09 17:21:04', '2017-03-09 17:54:47'),
(11, 'Translado-20170307022157pm', 4, 9, 262, '2017-03-09 17:21:58', '2017-03-09 17:55:03'),
(12, 'Translado-20170307022305pm', 4, 9, 188, '2017-03-09 17:23:06', '2017-03-09 17:55:12'),
(13, 'Translado-20170307022347pm', 5, 9, 149, '2017-03-09 17:23:49', '2017-03-09 17:55:21'),
(14, 'Translado-20170307022437pm', 4, 9, 183, '2017-03-09 17:24:38', '2017-03-09 17:55:29'),
(15, 'Translado-20170307022517pm', 6, 9, 164, '2017-03-09 17:25:19', '2017-03-09 17:55:38'),
(16, 'Translado-20170307022917pm', 5, 9, 151, '2017-03-09 17:29:18', '2017-03-09 17:55:52'),
(17, 'Translado-20170307023057pm', 5, 9, 146, '2017-03-09 17:30:59', '2017-03-09 17:56:00'),
(18, 'Translado-20170307023131pm', 6, 9, 155, '2017-03-09 17:31:33', '2017-03-09 17:56:07'),
(19, 'Translado-20170307023209pm', 5, 9, 141, '2017-03-09 17:32:11', '2017-03-09 17:56:16'),
(20, 'Translado-20170309025726pm', 4, 3, 274, '2017-03-09 17:57:27', '2017-03-09 18:20:43'),
(21, 'Translado-20170309025806pm', 4, 3, 279, '2017-03-09 17:58:06', '2017-03-09 18:20:55'),
(22, 'Translado-20170309031926pm', 4, 3, 277, '2017-03-09 18:19:28', '2017-03-09 18:21:05'),
(23, 'Translado-20170309032327pm', 4, 3, 286, '2017-03-09 18:23:29', '2017-03-09 18:23:58'),
(24, 'Translado-20170309032422pm', 4, 3, 285, '2017-03-09 18:24:24', '2017-03-09 18:24:55'),
(25, 'Translado-20170309032511pm', 4, 3, 275, '2017-03-09 18:25:12', '2017-03-09 18:25:27'),
(26, 'Translado-20170309032549pm', 4, 3, 271, '2017-03-09 18:25:51', '2017-03-09 18:25:59'),
(27, 'Translado-20170309032615pm', 4, 3, 276, '2017-03-09 18:26:16', '2017-03-09 18:26:25'),
(28, 'Translado-20170309032641pm', 4, 3, 265, '2017-03-09 18:26:42', '2017-03-09 18:27:02'),
(29, 'Translado-20170309032717pm', 4, 3, 227, '2017-03-09 18:27:19', '2017-03-09 18:27:30'),
(30, 'Translado-20170309032933pm', 4, 3, 264, '2017-03-09 18:29:35', '2017-03-09 18:29:40'),
(31, 'Translado-20170309033000pm', 4, 3, 223, '2017-03-09 18:30:01', '2017-03-09 18:30:07'),
(32, 'Translado-20170309033020pm', 4, 3, 222, '2017-03-09 18:30:21', '2017-03-09 18:30:34'),
(33, 'Translado-20170309033045pm', 4, 3, 122, '2017-03-09 18:30:46', '2017-03-09 18:30:59'),
(34, 'Translado-20170309033110pm', 4, 3, 270, '2017-03-09 18:31:12', '2017-03-09 18:31:19'),
(35, 'Translado-20170309033133pm', 4, 3, 268, '2017-03-09 18:31:35', '2017-03-09 18:31:41'),
(37, 'Translado-20170308123758pm', 4, 3, 345, '2017-03-11 15:37:59', '2017-03-11 15:38:54'),
(38, 'Translado-20170308123922pm', 4, 3, 344, '2017-03-11 15:39:23', '2017-03-11 15:40:06'),
(39, 'Translado-20170308124033pm', 4, 3, 343, '2017-03-11 15:40:35', '2017-03-11 15:41:22'),
(40, 'Translado-20170311093605pm', 4, 9, 352, '2017-03-12 00:36:06', '2017-03-12 00:38:41'),
(41, 'Translado-20170311093901pm', 4, 9, 350, '2017-03-12 00:39:03', '2017-03-12 00:39:25'),
(42, 'Translado-20170311093957pm', 4, 9, 266, '2017-03-12 00:39:59', '2017-03-12 00:40:16'),
(43, 'Translado-20170311094041pm', 4, 9, 241, '2017-03-12 00:40:43', '2017-03-12 00:41:01'),
(44, 'Translado-20170311094215pm', 4, 9, 354, '2017-03-12 00:42:16', '2017-03-12 00:42:26'),
(45, 'Translado-20170311094246pm', 4, 9, 353, '2017-03-12 00:42:48', '2017-03-12 00:43:01'),
(46, 'Translado-20170311094330pm', 4, 9, 346, '2017-03-12 00:43:32', '2017-03-12 00:43:41'),
(47, 'Translado-20170311094353pm', 4, 9, 359, '2017-03-12 00:43:55', '2017-03-12 00:44:03'),
(48, 'Translado-20170311094418pm', 4, 9, 363, '2017-03-12 00:44:20', '2017-03-12 00:44:35'),
(49, 'Translado-20170311094451pm', 4, 9, 351, '2017-03-12 00:44:53', '2017-03-12 00:45:09'),
(50, 'Translado-20170311020126pm', 2, 9, 6, '2017-03-12 17:01:29', '2017-03-12 17:03:02'),
(51, 'Translado-20170311020340pm', 2, 9, 10, '2017-03-12 17:03:42', '2017-03-12 17:04:13'),
(52, 'Translado-20170312020945pm', 3, 3, 274, '2017-03-12 17:09:48', '2017-03-12 17:09:48'),
(53, 'Translado-20170312021056pm', 2, 2, 8, '2017-03-12 17:10:58', '2017-03-12 17:10:58'),
(54, 'Translado-20170316012238pm', 4, 9, 366, '2017-03-16 16:22:44', '2017-03-16 16:23:40'),
(55, 'Translado-20170316012454pm', 4, 9, 189, '2017-03-16 16:25:00', '2017-03-16 16:25:53'),
(56, 'Translado-20170316013603pm', 4, 9, 217, '2017-03-16 16:36:09', '2017-03-16 16:36:44'),
(57, 'Translado-20170316013731pm', 4, 9, 235, '2017-03-16 16:37:37', '2017-03-16 16:38:32'),
(58, 'Translado-20170316115455pm', 4, 9, 234, '2017-03-17 02:55:00', '2017-03-17 02:55:26'),
(59, 'Translado-20170316115623pm', 5, 9, 136, '2017-03-17 02:56:28', '2017-03-17 02:57:22'),
(60, 'Translado-20170316115920pm', 4, 9, 226, '2017-03-17 02:59:26', '2017-03-17 02:59:56'),
(61, 'Translado-20170317120014am', 5, 9, 145, '2017-03-17 03:00:20', '2017-03-17 03:00:35'),
(62, 'Translado-20170317120157am', 4, 9, 258, '2017-03-17 03:02:00', '2017-03-17 03:02:18'),
(63, 'Translado-20170317120307am', 6, 9, 159, '2017-03-17 03:03:11', '2017-03-17 03:03:35'),
(64, 'Translado-20170317120348am', 4, 9, 191, '2017-03-17 03:03:52', '2017-03-17 03:04:27'),
(65, 'Translado-20170317120448am', 4, 9, 184, '2017-03-17 03:04:55', '2017-03-17 03:06:00'),
(66, 'Translado-20170317120615am', 4, 9, 106, '2017-03-17 03:06:22', '2017-03-17 03:07:12'),
(67, 'Translado-20170317120732am', 5, 9, 143, '2017-03-17 03:07:38', '2017-03-17 03:08:03'),
(68, 'Translado-20170317120818am', 4, 9, 377, '2017-03-17 03:08:21', '2017-03-17 03:08:33'),
(69, 'Translado-20170317120849am', 4, 9, 375, '2017-03-17 03:08:52', '2017-03-17 03:09:03'),
(70, 'Translado-20170317120921am', 4, 9, 373, '2017-03-17 03:09:29', '2017-03-17 03:09:53'),
(71, 'Translado-20170317121008am', 4, 9, 364, '2017-03-17 03:10:13', '2017-03-17 03:10:35'),
(72, 'Translado-20170317121057am', 4, 9, 356, '2017-03-17 03:11:05', '2017-03-17 03:11:30'),
(73, 'Translado-20170317121140am', 4, 9, 246, '2017-03-17 03:11:45', '2017-03-17 03:11:55'),
(74, 'Translado-20170308121548am', 4, 3, 257, '2017-03-17 03:15:52', '2017-03-17 03:16:46'),
(76, 'Translado-20170325013228pm', 4, 9, 382, '2017-03-25 16:32:34', '2017-03-25 16:35:23'),
(78, 'Translado-20170325013559pm', 4, 9, 385, '2017-03-25 16:36:04', '2017-03-25 16:36:36'),
(79, 'Translado-20170325013725pm', 4, 9, 384, '2017-03-25 16:37:28', '2017-03-25 16:37:50'),
(80, 'Translado-20170325013845pm', 4, 9, 391, '2017-03-25 16:38:53', '2017-03-25 16:41:50'),
(82, 'Translado-20170325021832pm', 4, 9, 381, '2017-03-25 17:18:40', '2017-03-25 17:33:38'),
(84, 'Translado-20170325023440pm', 4, 9, 394, '2017-03-25 17:34:48', '2017-03-25 17:40:21'),
(86, 'Translado-20170325032650pm', 4, 9, 383, '2017-03-25 18:26:59', '2017-03-25 18:27:43'),
(87, 'Translado-20170325032826pm', 4, 9, 387, '2017-03-25 18:28:34', '2017-03-25 18:30:06'),
(88, 'Translado-20170325033030pm', 4, 9, 400, '2017-03-25 18:30:38', '2017-03-25 18:31:33'),
(89, 'Translado-20170325033227pm', 4, 9, 404, '2017-03-25 18:32:36', '2017-03-25 18:33:34'),
(90, 'Translado-20170325033506pm', 4, 9, 372, '2017-03-25 18:35:15', '2017-03-25 18:36:58'),
(91, 'Translado-20170325033726pm', 4, 9, 369, '2017-03-25 18:37:35', '2017-03-25 18:38:06'),
(92, 'Translado-20170325033915pm', 4, 9, 378, '2017-03-25 18:39:20', '2017-03-25 18:39:34'),
(93, 'Translado-20170325034201pm', 5, 9, 135, '2017-03-25 18:42:05', '2017-03-25 18:42:22'),
(94, 'Translado-20170325034252pm', 4, 9, 379, '2017-03-25 18:42:56', '2017-03-25 18:43:09'),
(95, 'Translado-20170325034327pm', 4, 9, 374, '2017-03-25 18:43:31', '2017-03-25 18:43:57'),
(96, 'Translado-20170325034415pm', 4, 9, 242, '2017-03-25 18:44:20', '2017-03-25 18:44:34'),
(97, 'Translado-20170325034504pm', 6, 9, 169, '2017-03-25 18:45:08', '2017-03-25 18:45:25'),
(98, 'Translado-20170325034544pm', 4, 9, 280, '2017-03-25 18:45:48', '2017-03-25 18:46:00'),
(99, 'Translado-20170325034627pm', 4, 9, 283, '2017-03-25 18:46:33', '2017-03-25 18:46:44'),
(100, 'Translado-20170325034702pm', 4, 9, 416, '2017-03-25 18:47:06', '2017-03-25 18:47:21'),
(101, 'Translado-20170325034805pm', 4, 3, 408, '2017-03-25 18:48:09', '2017-03-25 18:48:38'),
(102, 'Translado-20170325034852pm', 4, 3, 421, '2017-03-25 18:48:56', '2017-03-25 18:49:19'),
(103, 'Translado-20170325034943pm', 4, 3, 403, '2017-03-25 18:49:47', '2017-03-25 18:50:10'),
(104, 'Translado-20170325035126pm', 4, 9, 429, '2017-03-25 18:51:30', '2017-03-25 18:51:57'),
(105, 'Translado-20170325035215pm', 4, 9, 438, '2017-03-25 18:52:19', '2017-03-25 18:52:44'),
(106, 'Translado-20170325035312pm', 4, 9, 428, '2017-03-25 18:53:22', '2017-03-25 18:54:24'),
(107, 'Translado-20170325035459pm', 4, 9, 407, '2017-03-25 18:55:03', '2017-03-25 18:55:47'),
(108, 'Translado-20170325035609pm', 4, 9, 419, '2017-03-25 18:56:20', '2017-03-25 18:57:11'),
(109, 'Translado-20170325035736pm', 4, 9, 426, '2017-03-25 18:57:40', '2017-03-25 18:58:04'),
(110, 'Translado-20170325035827pm', 4, 9, 432, '2017-03-25 18:58:31', '2017-03-25 18:59:05'),
(111, 'Translado-20170325035933pm', 4, 9, 206, '2017-03-25 18:59:38', '2017-03-25 19:00:08'),
(112, 'Translado-20170325040026pm', 4, 9, 365, '2017-03-25 19:00:31', '2017-03-25 19:01:01'),
(113, 'Translado-20170325040131pm', 4, 9, 105, '2017-03-25 19:01:42', '2017-03-25 19:02:38'),
(114, 'Translado-20170325040306pm', 4, 9, 260, '2017-03-25 19:03:17', '2017-03-25 19:04:18'),
(115, 'Translado-20170325040452pm', 4, 9, 405, '2017-03-25 19:05:04', '2017-03-25 19:05:41'),
(116, 'Translado-20170325040615pm', 4, 9, 392, '2017-03-25 19:06:27', '2017-03-25 19:07:17'),
(117, 'Translado-20170325040739pm', 4, 9, 355, '2017-03-25 19:07:51', '2017-03-25 19:09:02'),
(118, 'Translado-20170328073437pm', 2, 9, 202, '2017-03-28 23:34:42', '2017-03-28 23:37:55'),
(119, 'Translado-20170328073904pm', 3, 9, 268, '2017-03-28 23:39:08', '2017-03-28 23:39:31'),
(120, 'Translado-20170328105522pm', 3, 9, 276, '2017-03-29 02:55:27', '2017-03-29 02:55:49'),
(121, 'Translado-20170330041736pm', 5, 9, 153, '2017-03-30 20:17:47', '2017-03-30 20:18:52'),
(122, 'Translado-20170401111103am', 4, 9, 456, '2017-04-01 15:11:08', '2017-04-01 15:14:03'),
(123, 'Translado-20170401111424am', 4, 9, 445, '2017-04-01 15:14:29', '2017-04-01 15:14:53'),
(124, 'Translado-20170401111510am', 4, 9, 442, '2017-04-01 15:15:15', '2017-04-01 15:15:54'),
(126, 'Translado-20170401111612am', 4, 9, 441, '2017-04-01 15:16:17', '2017-04-01 15:16:43'),
(127, 'Translado-20170401111824am', 4, 9, 417, '2017-04-01 15:18:29', '2017-04-01 15:19:01'),
(128, 'Translado-20170401111930am', 4, 9, 390, '2017-04-01 15:19:35', '2017-04-01 15:20:17'),
(129, 'Translado-20170401112036am', 4, 9, 243, '2017-04-01 15:20:47', '2017-04-01 15:21:27'),
(130, 'Translado-20170401112147am', 6, 9, 158, '2017-04-01 15:21:53', '2017-04-01 15:22:15'),
(131, 'Translado-20170401112237am', 4, 9, 395, '2017-04-01 15:22:43', '2017-04-01 15:22:59'),
(132, 'Translado-20170401112326am', 4, 9, 425, '2017-04-01 15:23:32', '2017-04-01 15:24:01'),
(133, 'Translado-20170401112453am', 4, 9, 402, '2017-04-01 15:24:59', '2017-04-01 15:25:42'),
(134, 'Translado-20170401112616am', 4, 9, 430, '2017-04-01 15:26:22', '2017-04-01 15:27:05'),
(135, 'Translado-20170401112733am', 4, 9, 427, '2017-04-01 15:27:39', '2017-04-01 15:28:34'),
(136, 'Translado-20170401112912am', 4, 9, 370, '2017-04-01 15:29:18', '2017-04-01 15:29:52'),
(137, 'Translado-20170401113037am', 4, 9, 439, '2017-04-01 15:30:46', '2017-04-01 15:31:13'),
(138, 'Translado-20170401113138am', 4, 9, 451, '2017-04-01 15:31:44', '2017-04-01 15:32:37'),
(140, 'Translado-20170401113255am', 4, 9, 348, '2017-04-01 15:33:01', '2017-04-01 15:34:13'),
(142, 'Translado-20170403014854pm', 2, 9, 25, '2017-04-03 17:49:02', '2017-04-03 17:50:20'),
(143, 'Translado-20170403015040pm', 2, 9, 179, '2017-04-03 17:50:46', '2017-04-03 17:51:20'),
(144, 'Translado-20170403015135pm', 3, 9, 257, '2017-04-03 17:51:41', '2017-04-03 17:52:10'),
(145, 'Translado-20170403015226pm', 3, 9, 270, '2017-04-03 17:52:31', '2017-04-03 17:52:59'),
(146, 'Translado-20170404011013pm', 4, 9, 453, '2017-04-04 17:10:23', '2017-04-04 17:10:54'),
(147, 'Translado-20170404011131pm', 4, 9, 468, '2017-04-04 17:11:36', '2017-04-04 17:12:03'),
(148, 'Translado-20170404011529pm', 4, 9, 463, '2017-04-04 17:15:34', '2017-04-04 17:16:15'),
(149, 'Translado-20170404011646pm', 4, 9, 471, '2017-04-04 17:16:51', '2017-04-04 17:17:16'),
(150, 'Translado-20170404011752pm', 4, 9, 434, '2017-04-04 17:17:58', '2017-04-04 17:18:26'),
(151, 'Translado-20170404011850pm', 4, 9, 409, '2017-04-04 17:18:56', '2017-04-04 17:19:25'),
(152, 'Translado-20170404012040pm', 4, 9, 422, '2017-04-04 17:20:50', '2017-04-04 17:21:27'),
(153, 'Translado-20170404012148pm', 4, 9, 433, '2017-04-04 17:21:53', '2017-04-04 17:22:32'),
(154, 'Translado-20170404012439pm', 4, 9, 224, '2017-04-04 17:24:45', '2017-04-04 17:25:14'),
(155, 'Translado-20170404014214pm', 4, 9, 193, '2017-04-04 17:42:29', '2017-04-04 17:43:36'),
(156, 'Translado-20170404014440pm', 4, 9, 98, '2017-04-04 17:44:55', '2017-04-04 17:46:23'),
(157, 'Translado-20170404014701pm', 4, 9, 380, '2017-04-04 17:47:16', '2017-04-04 17:48:15'),
(158, 'Translado-20170404014847pm', 4, 9, 396, '2017-04-04 17:49:03', '2017-04-04 17:50:03'),
(159, 'Translado-20170404015245pm', 4, 9, 399, '2017-04-04 17:53:00', '2017-04-04 17:54:32'),
(160, 'Translado-20170404015518pm', 4, 9, 282, '2017-04-04 17:55:33', '2017-04-04 17:56:46'),
(161, 'Translado-20170404015721pm', 4, 9, 420, '2017-04-04 17:57:37', '2017-04-04 17:58:56'),
(162, 'Translado-20170404043709pm', 4, 9, 457, '2017-04-04 20:37:25', '2017-04-04 20:38:40'),
(163, 'Translado-20170404043902pm', 4, 9, 455, '2017-04-04 20:39:18', '2017-04-04 20:39:41'),
(164, 'Translado-20170404044004pm', 4, 9, 393, '2017-04-04 20:40:20', '2017-04-04 20:41:07'),
(165, 'Translado-20170404044119pm', 4, 9, 465, '2017-04-04 20:41:25', '2017-04-04 20:42:06'),
(166, 'Translado-20170427125809pm', 3, 9, 286, '2017-04-27 16:58:15', '2017-04-27 16:58:47'),
(167, 'Translado-20170430080840pm', 4, 9, 553, '2017-05-01 00:08:46', '2017-05-01 00:09:15'),
(168, 'Translado-20170430082931pm', 4, 9, 454, '2017-05-01 00:29:38', '2017-05-01 00:29:53'),
(169, 'Translado-20170430083046pm', 4, 3, 486, '2017-05-01 00:30:52', '2017-05-01 00:39:31'),
(170, 'Translado-20170430083426pm', 4, 3, 482, '2017-05-01 00:34:33', '2017-05-01 00:39:53'),
(171, 'Translado-20170430084019pm', 4, 3, 492, '2017-05-01 00:40:24', '2017-05-01 00:40:49'),
(172, 'Translado-20170430084215pm', 4, 3, 488, '2017-05-01 00:42:21', '2017-05-01 00:43:43'),
(173, 'Translado-20170430084359pm', 4, 3, 493, '2017-05-01 00:44:05', '2017-05-01 00:44:21'),
(174, 'Translado-20170430084438pm', 4, 3, 494, '2017-05-01 00:44:44', '2017-05-01 00:45:59'),
(176, 'Translado-20170430084842pm', 4, 3, 477, '2017-05-01 00:48:48', '2017-05-01 00:49:48'),
(177, 'Translado-20170430085008pm', 4, 3, 484, '2017-05-01 00:50:14', '2017-05-01 00:50:57'),
(178, 'Translado-20170430085113pm', 4, 3, 485, '2017-05-01 00:51:19', '2017-05-01 00:51:41'),
(179, 'Translado-20170430085203pm', 4, 3, 473, '2017-05-01 00:52:10', '2017-05-01 00:52:56'),
(180, 'Translado-20170430085323pm', 4, 3, 472, '2017-05-01 00:53:29', '2017-05-01 00:54:09'),
(181, 'Translado-20170430085428pm', 4, 3, 475, '2017-05-01 00:54:35', '2017-05-01 00:55:04'),
(182, 'Translado-20170430085520pm', 4, 3, 358, '2017-05-01 00:55:27', '2017-05-01 00:55:58'),
(183, 'Translado-20170430085625pm', 4, 3, 415, '2017-05-01 00:56:32', '2017-05-01 00:57:53'),
(184, 'Translado-20170430085824pm', 4, 3, 443, '2017-05-01 00:58:30', '2017-05-01 00:58:54'),
(185, 'Translado-20170430085912pm', 4, 3, 489, '2017-05-01 00:59:18', '2017-05-01 00:59:51'),
(186, 'Translado-20170430090232pm', 4, 3, 452, '2017-05-01 01:02:40', '2017-05-01 01:03:13'),
(187, 'Translado-20170417122345pm', 4, NULL, 103, '0000-00-00 00:00:00', '0000-00-00 00:00:00'),
(188, 'Translado-20170417122345pm', 4, NULL, 367, '0000-00-00 00:00:00', '0000-00-00 00:00:00'),
(189, 'Translado-20170417122345pm', 4, NULL, 460, '0000-00-00 00:00:00', '0000-00-00 00:00:00'),
(190, 'Translado-20170417122345pm', 4, NULL, 418, '0000-00-00 00:00:00', '0000-00-00 00:00:00'),
(191, 'Translado-20170417122345pm', 5, NULL, 150, '0000-00-00 00:00:00', '0000-00-00 00:00:00'),
(192, 'Translado-20170417122345pm', 4, NULL, 440, '0000-00-00 00:00:00', '0000-00-00 00:00:00'),
(193, 'Translado-20170417122345pm', 4, NULL, 389, '0000-00-00 00:00:00', '0000-00-00 00:00:00'),
(194, 'Translado-20170417122345pm', 4, NULL, 469, '0000-00-00 00:00:00', '0000-00-00 00:00:00'),
(195, 'Translado-20170417122345pm', 4, NULL, 413, '0000-00-00 00:00:00', '0000-00-00 00:00:00'),
(196, 'Translado-20170417122345pm', 4, NULL, 513, '0000-00-00 00:00:00', '0000-00-00 00:00:00'),
(197, 'Translado-20170417122345pm', 9, NULL, 377, '0000-00-00 00:00:00', '0000-00-00 00:00:00'),
(198, 'Translado-20170417122345pm', 4, NULL, 476, '0000-00-00 00:00:00', '0000-00-00 00:00:00'),
(199, 'Translado-20170417122345pm', 4, NULL, 515, '0000-00-00 00:00:00', '0000-00-00 00:00:00'),
(200, 'Translado-20170417122345pm', 4, NULL, 490, '0000-00-00 00:00:00', '0000-00-00 00:00:00'),
(201, 'Translado-20170417122345pm', 4, NULL, 509, '0000-00-00 00:00:00', '0000-00-00 00:00:00'),
(202, 'Translado-20170417122345pm', 4, NULL, 504, '0000-00-00 00:00:00', '0000-00-00 00:00:00'),
(203, 'Translado-20170417122345pm', NULL, 9, 103, '0000-00-00 00:00:00', '0000-00-00 00:00:00'),
(204, 'Translado-20170417122345pm', NULL, 9, 367, '0000-00-00 00:00:00', '0000-00-00 00:00:00'),
(205, 'Translado-20170417122345pm', NULL, 9, 460, '0000-00-00 00:00:00', '0000-00-00 00:00:00'),
(206, 'Translado-20170417122345pm', NULL, 9, 418, '0000-00-00 00:00:00', '0000-00-00 00:00:00'),
(207, 'Translado-20170417122345pm', NULL, 9, 150, '0000-00-00 00:00:00', '0000-00-00 00:00:00'),
(208, 'Translado-20170417122345pm', NULL, 9, 440, '0000-00-00 00:00:00', '0000-00-00 00:00:00'),
(209, 'Translado-20170417122345pm', NULL, 9, 389, '0000-00-00 00:00:00', '0000-00-00 00:00:00'),
(210, 'Translado-20170417122345pm', NULL, 9, 469, '0000-00-00 00:00:00', '0000-00-00 00:00:00'),
(211, 'Translado-20170417122345pm', NULL, 9, 413, '0000-00-00 00:00:00', '0000-00-00 00:00:00'),
(212, 'Translado-20170417122345pm', NULL, 9, 513, '0000-00-00 00:00:00', '0000-00-00 00:00:00'),
(213, 'Translado-20170417122345pm', NULL, 9, 377, '0000-00-00 00:00:00', '0000-00-00 00:00:00'),
(214, 'Translado-20170417122345pm', NULL, 9, 476, '0000-00-00 00:00:00', '0000-00-00 00:00:00'),
(215, 'Translado-20170417122345pm', NULL, 9, 515, '0000-00-00 00:00:00', '0000-00-00 00:00:00'),
(216, 'Translado-20170417122345pm', NULL, 9, 490, '0000-00-00 00:00:00', '0000-00-00 00:00:00'),
(217, 'Translado-20170417122345pm', NULL, 9, 509, '0000-00-00 00:00:00', '0000-00-00 00:00:00'),
(218, 'Translado-20170417122345pm', 4, 9, 504, '0000-00-00 00:00:00', '0000-00-00 00:00:00'),
(219, 'Translado-20170409044557pm', 4, 3, 466, '0000-00-00 00:00:00', '0000-00-00 00:00:00'),
(220, 'Translado-20170409044557pm', 4, 3, 467, '0000-00-00 00:00:00', '0000-00-00 00:00:00'),
(221, 'Translado-20170409044557pm', 4, 3, 361, '0000-00-00 00:00:00', '0000-00-00 00:00:00'),
(222, 'Translado-20170514061639pm', 4, 9, 511, '0000-00-00 00:00:00', '0000-00-00 00:00:00'),
(223, 'Translado-20170514061639pm', 4, 9, 506, '0000-00-00 00:00:00', '0000-00-00 00:00:00'),
(224, 'Translado-20170514061639pm', 4, 9, 498, '0000-00-00 00:00:00', '0000-00-00 00:00:00'),
(225, 'Translado-20170514072753pm', 9, 9, 511, '0000-00-00 00:00:00', '0000-00-00 00:00:00'),
(226, 'Translado-20170514072753pm', 9, 9, 506, '0000-00-00 00:00:00', '0000-00-00 00:00:00'),
(227, 'Translado-20170514072753pm', 9, 9, 498, '0000-00-00 00:00:00', '0000-00-00 00:00:00'),
(228, 'Translado-20170415085948pm', 4, 9, 518, '0000-00-00 00:00:00', '0000-00-00 00:00:00'),
(229, 'Translado-20170415085948pm', 4, 9, 521, '0000-00-00 00:00:00', '0000-00-00 00:00:00'),
(230, 'Translado-20170430091001pm', 4, 9, 600, '0000-00-00 00:00:00', '0000-00-00 00:00:00'),
(231, 'Translado-20170430091001pm', 4, 9, 604, '0000-00-00 00:00:00', '0000-00-00 00:00:00'),
(232, 'Translado-20170418094633pm', 4, 10, 362, '0000-00-00 00:00:00', '0000-00-00 00:00:00'),
(233, 'Translado-20170418094633pm', 4, 10, 360, '0000-00-00 00:00:00', '0000-00-00 00:00:00'),
(234, 'Translado-20170418094633pm', 4, 10, 499, '0000-00-00 00:00:00', '0000-00-00 00:00:00'),
(235, 'Translado-20170418094633pm', 4, 10, 500, '0000-00-00 00:00:00', '0000-00-00 00:00:00'),
(236, 'Translado-20170418094633pm', 4, 10, 522, '0000-00-00 00:00:00', '0000-00-00 00:00:00'),
(237, 'Translado-20170418094633pm', 4, 10, 406, '0000-00-00 00:00:00', '0000-00-00 00:00:00'),
(238, 'Translado-20170418094633pm', 4, 10, 514, '0000-00-00 00:00:00', '0000-00-00 00:00:00'),
(239, 'Translado-20170418094633pm', 4, 10, 371, '0000-00-00 00:00:00', '0000-00-00 00:00:00'),
(240, 'Translado-20170418094633pm', 4, 10, 526, '0000-00-00 00:00:00', '0000-00-00 00:00:00'),
(241, 'Translado-20170418094633pm', 4, 10, 398, '0000-00-00 00:00:00', '0000-00-00 00:00:00'),
(242, 'Translado-20170418094633pm', 4, 10, 401, '0000-00-00 00:00:00', '0000-00-00 00:00:00'),
(243, 'Translado-20170418094633pm', 4, 10, 458, '0000-00-00 00:00:00', '0000-00-00 00:00:00'),
(244, 'Translado-20170418094633pm', 4, 10, 507, '0000-00-00 00:00:00', '0000-00-00 00:00:00'),
(245, 'Translado-20170418094633pm', 4, 10, 464, '0000-00-00 00:00:00', '0000-00-00 00:00:00'),
(246, 'Translado-20170418094633pm', 4, 10, 510, '0000-00-00 00:00:00', '0000-00-00 00:00:00'),
(247, 'Translado-20170418094633pm', 4, 10, 446, '0000-00-00 00:00:00', '0000-00-00 00:00:00'),
(248, 'Translado-20170418094633pm', 4, 10, 431, '0000-00-00 00:00:00', '0000-00-00 00:00:00'),
(249, 'Translado-20170418094633pm', 4, 10, 462, '0000-00-00 00:00:00', '0000-00-00 00:00:00'),
(250, 'Translado-20170418094633pm', 4, 10, 474, '0000-00-00 00:00:00', '0000-00-00 00:00:00'),
(251, 'Translado-20170420101703pm', 6, 9, 161, '0000-00-00 00:00:00', '0000-00-00 00:00:00'),
(252, 'Translado-20170420101703pm', 6, 9, 167, '0000-00-00 00:00:00', '0000-00-00 00:00:00'),
(253, 'Translado-20170420101703pm', 4, 9, 450, '0000-00-00 00:00:00', '0000-00-00 00:00:00'),
(254, 'Translado-20170420101703pm', 4, 9, 437, '0000-00-00 00:00:00', '0000-00-00 00:00:00'),
(255, 'Translado-20170420101703pm', 4, 9, 470, '0000-00-00 00:00:00', '0000-00-00 00:00:00'),
(256, 'Translado-20170420101703pm', 4, 9, 508, '0000-00-00 00:00:00', '0000-00-00 00:00:00'),
(257, 'Translado-20170420101703pm', 4, 9, 397, '0000-00-00 00:00:00', '0000-00-00 00:00:00'),
(258, 'Translado-20170420101703pm', 4, 9, 423, '0000-00-00 00:00:00', '0000-00-00 00:00:00'),
(259, 'Translado-20170420101703pm', 5, 9, 131, '0000-00-00 00:00:00', '0000-00-00 00:00:00'),
(260, 'Translado-20170420102309pm', 4, 9, 483, '0000-00-00 00:00:00', '0000-00-00 00:00:00'),
(261, 'Translado-20170420102309pm', 4, 9, 533, '0000-00-00 00:00:00', '0000-00-00 00:00:00'),
(262, 'Translado-20170420102309pm', 4, 9, 516, '0000-00-00 00:00:00', '0000-00-00 00:00:00'),
(263, 'Translado-20170420102309pm', 4, 9, 497, '0000-00-00 00:00:00', '0000-00-00 00:00:00'),
(264, 'Translado-20170427104003pm', 4, 9, 575, '0000-00-00 00:00:00', '0000-00-00 00:00:00'),
(265, 'Translado-20170427104003pm', 4, 9, 578, '0000-00-00 00:00:00', '0000-00-00 00:00:00'),
(266, 'Translado-20170427104003pm', 4, 9, 555, '0000-00-00 00:00:00', '0000-00-00 00:00:00'),
(267, 'Translado-20170427104003pm', 4, 9, 520, '0000-00-00 00:00:00', '0000-00-00 00:00:00'),
(268, 'Translado-20170427104003pm', 4, 9, 349, '0000-00-00 00:00:00', '0000-00-00 00:00:00'),
(269, 'Translado-20170427104003pm', 4, 9, 560, '0000-00-00 00:00:00', '0000-00-00 00:00:00'),
(270, 'Translado-20170427104003pm', 4, 9, 574, '0000-00-00 00:00:00', '0000-00-00 00:00:00'),
(271, 'Translado-20170427104003pm', 4, 9, 547, '0000-00-00 00:00:00', '0000-00-00 00:00:00'),
(272, 'Translado-20170427104003pm', 4, 9, 572, '0000-00-00 00:00:00', '0000-00-00 00:00:00'),
(273, 'Translado-20170427104003pm', 4, 9, 209, '0000-00-00 00:00:00', '0000-00-00 00:00:00'),
(274, 'Translado-20170427104003pm', 4, 9, 99, '0000-00-00 00:00:00', '0000-00-00 00:00:00'),
(275, 'Translado-20170427104003pm', 4, 9, 424, '0000-00-00 00:00:00', '0000-00-00 00:00:00'),
(276, 'Translado-20170427104003pm', 4, 9, 126, '0000-00-00 00:00:00', '0000-00-00 00:00:00'),
(277, 'Translado-20170427104003pm', 4, 9, 527, '0000-00-00 00:00:00', '0000-00-00 00:00:00'),
(278, 'Translado-20170427104003pm', 4, 9, 461, '0000-00-00 00:00:00', '0000-00-00 00:00:00'),
(279, 'Translado-20170427104003pm', 4, 9, 549, '0000-00-00 00:00:00', '0000-00-00 00:00:00'),
(280, 'Translado-20170427104003pm', 4, 9, 542, '0000-00-00 00:00:00', '0000-00-00 00:00:00'),
(281, 'Translado-20170427104003pm', 5, 9, 130, '0000-00-00 00:00:00', '0000-00-00 00:00:00'),
(282, 'Translado-20170427104003pm', 4, 9, 537, '0000-00-00 00:00:00', '0000-00-00 00:00:00'),
(283, 'Tr-29-04-17-21-19-42', 4, 9, 580, '0000-00-00 00:00:00', '0000-00-00 00:00:00'),
(284, 'Tr-29-04-17-21-19-42', 4, 9, 594, '0000-00-00 00:00:00', '0000-00-00 00:00:00'),
(285, 'Tr-29-04-17-21-19-42', 4, 9, 590, '0000-00-00 00:00:00', '0000-00-00 00:00:00'),
(286, 'Tr-29-04-17-21-19-42', 4, 9, 587, '0000-00-00 00:00:00', '0000-00-00 00:00:00'),
(287, 'Tr-29-04-17-21-19-42', 4, 9, 585, '0000-00-00 00:00:00', '0000-00-00 00:00:00'),
(288, 'Tr-22-04-17-21-24-50', 4, 10, 531, '0000-00-00 00:00:00', '0000-00-00 00:00:00'),
(289, 'Tr-22-04-17-21-24-50', 4, 10, 530, '0000-00-00 00:00:00', '0000-00-00 00:00:00'),
(290, 'Tr-22-04-17-21-24-50', 4, 10, 557, '0000-00-00 00:00:00', '0000-00-00 00:00:00'),
(291, 'Tr-22-04-17-21-24-50', 4, 10, 532, '0000-00-00 00:00:00', '0000-00-00 00:00:00'),
(292, 'Tr-22-04-17-21-24-50', 4, 10, 545, '0000-00-00 00:00:00', '0000-00-00 00:00:00'),
(293, 'Tr-22-04-17-21-24-50', 4, 10, 535, '0000-00-00 00:00:00', '0000-00-00 00:00:00'),
(294, 'Tr-22-04-17-21-24-50', 4, 10, 539, '0000-00-00 00:00:00', '0000-00-00 00:00:00'),
(295, 'Tr-22-04-17-21-24-50', 4, 10, 548, '0000-00-00 00:00:00', '0000-00-00 00:00:00'),
(296, 'Tr-22-04-17-21-24-50', 4, 10, 550, '0000-00-00 00:00:00', '0000-00-00 00:00:00'),
(297, 'Tr-22-04-17-21-24-50', 4, 10, 536, '0000-00-00 00:00:00', '0000-00-00 00:00:00'),
(298, 'Tr-22-04-17-21-24-50', 4, 10, 543, '0000-00-00 00:00:00', '0000-00-00 00:00:00'),
(299, 'Tr-22-04-17-21-31-51', 9, 9, 553, '0000-00-00 00:00:00', '0000-00-00 00:00:00'),
(300, 'Tr-22-04-17-21-31-51', 4, 9, 534, '0000-00-00 00:00:00', '0000-00-00 00:00:00'),
(301, 'Tr-22-04-17-21-31-51', 4, 9, 541, '0000-00-00 00:00:00', '0000-00-00 00:00:00'),
(302, 'Tr-22-04-17-21-31-51', 4, 9, 540, '0000-00-00 00:00:00', '0000-00-00 00:00:00'),
(303, 'Tr-23-04-17-21-34-25', 4, 9, 564, '0000-00-00 00:00:00', '0000-00-00 00:00:00'),
(304, 'Tr-23-04-17-21-34-25', 4, 9, 569, '0000-00-00 00:00:00', '0000-00-00 00:00:00'),
(305, 'Tr-02-05-17-21-50-40', 4, 9, 529, '0000-00-00 00:00:00', '0000-00-00 00:00:00'),
(306, 'Tr-02-05-17-21-50-40', 4, 9, 523, '0000-00-00 00:00:00', '0000-00-00 00:00:00'),
(307, 'Tr-02-05-17-21-50-40', 4, 9, 519, '0000-00-00 00:00:00', '0000-00-00 00:00:00'),
(308, 'Tr-02-05-17-21-50-40', 4, 9, 595, '0000-00-00 00:00:00', '0000-00-00 00:00:00'),
(309, 'Tr-02-05-17-21-50-40', 4, 9, 599, '0000-00-00 00:00:00', '0000-00-00 00:00:00'),
(310, 'Tr-02-05-17-21-50-40', 4, 9, 554, '0000-00-00 00:00:00', '0000-00-00 00:00:00'),
(311, 'Tr-02-05-17-21-50-40', 4, 9, 538, '0000-00-00 00:00:00', '0000-00-00 00:00:00'),
(312, 'Tr-16-05-17-21-54-36', 4, NULL, 609, '0000-00-00 00:00:00', '0000-00-00 00:00:00'),
(313, 'Tr-16-05-17-21-54-36', 4, NULL, 612, '0000-00-00 00:00:00', '0000-00-00 00:00:00'),
(314, 'Tr-16-05-17-21-54-36', 4, NULL, 589, '0000-00-00 00:00:00', '0000-00-00 00:00:00'),
(315, 'Tr-16-05-17-21-54-36', 4, NULL, 606, '0000-00-00 00:00:00', '0000-00-00 00:00:00'),
(316, 'Tr-16-05-17-21-54-36', 4, NULL, 616, '0000-00-00 00:00:00', '0000-00-00 00:00:00'),
(317, 'Tr-05-05-17-21-54-36', NULL, 9, 609, '0000-00-00 00:00:00', '0000-00-00 00:00:00'),
(318, 'Tr-05-05-17-21-54-36', NULL, 9, 612, '0000-00-00 00:00:00', '0000-00-00 00:00:00'),
(319, 'Tr-05-05-17-21-54-36', NULL, 9, 589, '0000-00-00 00:00:00', '0000-00-00 00:00:00'),
(320, 'Tr-05-05-17-21-54-36', NULL, 9, 606, '0000-00-00 00:00:00', '0000-00-00 00:00:00'),
(321, 'Tr-05-05-17-21-54-36', NULL, 9, 616, '0000-00-00 00:00:00', '0000-00-00 00:00:00'),
(322, 'Tr-06-05-17-22-02-11', 4, 9, 623, '0000-00-00 00:00:00', '0000-00-00 00:00:00'),
(323, 'Tr-06-05-17-22-02-11', 4, 9, 630, '0000-00-00 00:00:00', '0000-00-00 00:00:00'),
(324, 'Tr-06-05-17-22-02-11', 4, 9, 628, '0000-00-00 00:00:00', '0000-00-00 00:00:00'),
(325, 'Tr-06-05-17-22-02-11', 4, 9, 608, '0000-00-00 00:00:00', '0000-00-00 00:00:00'),
(326, 'Tr-06-05-17-22-02-11', 4, 9, 414, '0000-00-00 00:00:00', '0000-00-00 00:00:00'),
(327, 'Tr-06-05-17-22-02-11', 4, 9, 347, '0000-00-00 00:00:00', '0000-00-00 00:00:00'),
(328, 'Tr-06-05-17-22-02-11', 4, 9, 584, '0000-00-00 00:00:00', '0000-00-00 00:00:00'),
(329, 'Tr-06-05-17-22-02-11', 4, 9, 592, '0000-00-00 00:00:00', '0000-00-00 00:00:00'),
(330, 'Tr-06-05-17-22-02-11', 4, 9, 487, '0000-00-00 00:00:00', '0000-00-00 00:00:00'),
(331, 'Tr-06-05-17-22-02-11', 4, 9, 582, '0000-00-00 00:00:00', '0000-00-00 00:00:00'),
(332, 'Tr-06-05-17-22-02-11', 4, 9, 546, '0000-00-00 00:00:00', '0000-00-00 00:00:00'),
(333, 'Tr-06-05-17-22-02-11', 4, 9, 563, '0000-00-00 00:00:00', '0000-00-00 00:00:00'),
(334, 'Tr-06-05-17-22-02-11', 4, 9, 410, '0000-00-00 00:00:00', '0000-00-00 00:00:00'),
(335, 'Tr-06-05-17-22-02-11', 4, 9, 436, '0000-00-00 00:00:00', '0000-00-00 00:00:00'),
(336, 'Tr-06-05-17-22-02-11', 4, 9, 208, '0000-00-00 00:00:00', '0000-00-00 00:00:00'),
(337, 'Tr-06-05-17-22-25-20', 4, 10, 610, '0000-00-00 00:00:00', '0000-00-00 00:00:00'),
(338, 'Tr-06-05-17-22-25-20', 4, 10, 586, '0000-00-00 00:00:00', '0000-00-00 00:00:00'),
(339, 'Tr-06-05-17-22-25-20', 4, 10, 544, '0000-00-00 00:00:00', '0000-00-00 00:00:00'),
(340, 'Tr-06-05-17-22-25-20', 4, 10, 577, '0000-00-00 00:00:00', '0000-00-00 00:00:00'),
(341, 'Tr-09-05-17-22-34-21', 4, 9, 597, '0000-00-00 00:00:00', '0000-00-00 00:00:00'),
(342, 'Tr-09-05-17-22-34-21', 4, 9, 621, '0000-00-00 00:00:00', '0000-00-00 00:00:00'),
(343, 'Tr-09-05-17-22-34-21', 5, 9, 147, '0000-00-00 00:00:00', '0000-00-00 00:00:00'),
(344, 'Tr-09-05-17-22-34-21', 4, 9, 618, '0000-00-00 00:00:00', '0000-00-00 00:00:00'),
(345, 'Tr-09-05-17-22-34-21', 4, 9, 551, '0000-00-00 00:00:00', '0000-00-00 00:00:00'),
(346, 'Tr-09-05-17-22-34-21', 4, 9, 480, '0000-00-00 00:00:00', '0000-00-00 00:00:00'),
(347, 'Tr-09-05-17-22-34-21', 4, 9, 566, '0000-00-00 00:00:00', '0000-00-00 00:00:00'),
(348, 'Tr-09-05-17-22-34-21', 4, 9, 581, '0000-00-00 00:00:00', '0000-00-00 00:00:00'),
(349, 'Tr-09-05-17-22-34-21', 4, 9, 614, '0000-00-00 00:00:00', '0000-00-00 00:00:00'),
(350, 'Tr-09-05-17-22-34-21', 4, 9, 559, '0000-00-00 00:00:00', '0000-00-00 00:00:00'),
(351, 'Tr-09-05-17-22-34-21', 4, 9, 228, '0000-00-00 00:00:00', '0000-00-00 00:00:00'),
(352, 'Tr-09-05-17-22-34-21', 6, 9, 165, '0000-00-00 00:00:00', '0000-00-00 00:00:00'),
(353, 'Tr-09-05-17-22-34-21', 6, 9, 160, '0000-00-00 00:00:00', '0000-00-00 00:00:00'),
(354, 'Tr-09-05-17-22-34-21', 4, 9, 619, '0000-00-00 00:00:00', '0000-00-00 00:00:00'),
(355, 'Tr-09-05-17-22-44-13', 4, 10, 601, '0000-00-00 00:00:00', '0000-00-00 00:00:00'),
(356, 'Tr-06-05-17-14-29-03', 4, 9, 631, '0000-00-00 00:00:00', '0000-00-00 00:00:00'),
(357, 'Tr-17-05-17-14-31-02', 4, 9, 645, '0000-00-00 00:00:00', '0000-00-00 00:00:00'),
(358, 'Tr-17-05-17-14-31-02', 4, 9, 598, '0000-00-00 00:00:00', '0000-00-00 00:00:00'),
(359, 'Tr-17-05-17-14-31-02', 4, 9, 652, '0000-00-00 00:00:00', '0000-00-00 00:00:00'),
(360, 'Tr-17-05-17-14-31-02', 4, 9, 639, '0000-00-00 00:00:00', '0000-00-00 00:00:00'),
(361, 'Tr-17-05-17-14-31-02', 4, 9, 643, '0000-00-00 00:00:00', '0000-00-00 00:00:00'),
(362, 'Tr-17-05-17-14-31-02', 4, 9, 656, '0000-00-00 00:00:00', '0000-00-00 00:00:00'),
(363, 'Tr-17-05-17-14-31-02', 4, 9, 649, '0000-00-00 00:00:00', '0000-00-00 00:00:00'),
(364, 'Tr-17-05-17-14-31-02', 4, 9, 565, '0000-00-00 00:00:00', '0000-00-00 00:00:00'),
(365, 'Tr-17-05-17-14-31-02', 4, 9, 435, '0000-00-00 00:00:00', '0000-00-00 00:00:00'),
(366, 'Tr-17-05-17-14-31-02', 4, 9, 101, '0000-00-00 00:00:00', '0000-00-00 00:00:00'),
(367, 'Tr-17-05-17-14-31-02', 4, 9, 449, '0000-00-00 00:00:00', '0000-00-00 00:00:00'),
(368, 'Tr-17-05-17-14-31-02', 4, 9, 96, '0000-00-00 00:00:00', '0000-00-00 00:00:00'),
(369, 'Tr-17-05-17-14-37-08', 4, 10, 556, '0000-00-00 00:00:00', '0000-00-00 00:00:00'),
(370, 'Tr-17-05-17-14-37-08', 4, 10, 607, '0000-00-00 00:00:00', '0000-00-00 00:00:00'),
(371, 'Tr-17-05-17-14-37-08', 4, 10, 576, '0000-00-00 00:00:00', '0000-00-00 00:00:00'),
(372, 'Tr-17-05-17-14-37-08', 4, 10, 591, '0000-00-00 00:00:00', '0000-00-00 00:00:00'),
(373, 'Tr-17-05-17-14-37-08', 4, 10, 570, '0000-00-00 00:00:00', '0000-00-00 00:00:00'),
(374, 'Tr-17-05-17-14-37-08', 4, 10, 97, '0000-00-00 00:00:00', '0000-00-00 00:00:00'),
(375, 'Tr-17-05-17-14-37-08', 4, 10, 654, '0000-00-00 00:00:00', '0000-00-00 00:00:00'),
(376, 'Tr-17-05-17-14-37-08', 4, 10, 660, '0000-00-00 00:00:00', '0000-00-00 00:00:00'),
(377, 'Tr-11-05-17-14-40-07', 4, 10, 579, '0000-00-00 00:00:00', '0000-00-00 00:00:00'),
(378, 'Tr-11-05-17-14-40-07', 4, 10, 412, '0000-00-00 00:00:00', '0000-00-00 00:00:00'),
(379, 'Tr-11-05-17-14-40-07', 4, 10, 567, '0000-00-00 00:00:00', '0000-00-00 00:00:00'),
(380, 'Tr-11-05-17-14-40-07', 4, 10, 411, '0000-00-00 00:00:00', '0000-00-00 00:00:00'),
(381, 'Tr-11-05-17-14-40-07', 4, 10, 583, '0000-00-00 00:00:00', '0000-00-00 00:00:00'),
(382, 'Tr-11-05-17-14-40-07', 4, 10, 620, '0000-00-00 00:00:00', '0000-00-00 00:00:00'),
(383, 'Tr-11-05-17-14-40-07', 4, 10, 634, '0000-00-00 00:00:00', '0000-00-00 00:00:00'),
(384, 'Tr-11-05-17-14-40-07', 4, 10, 640, '0000-00-00 00:00:00', '0000-00-00 00:00:00'),
(385, 'Tr-13-05-17-15-08-38', 4, 20, 651, '0000-00-00 00:00:00', '0000-00-00 00:00:00'),
(386, 'Tr-13-05-17-15-08-38', 4, 20, 512, '0000-00-00 00:00:00', '0000-00-00 00:00:00'),
(387, 'Tr-13-05-17-15-08-38', 4, 20, 646, '0000-00-00 00:00:00', '0000-00-00 00:00:00'),
(388, 'Tr-13-05-17-15-13-02', 4, 9, 659, '0000-00-00 00:00:00', '0000-00-00 00:00:00'),
(389, 'Tr-13-05-17-15-13-02', 4, 9, 638, '0000-00-00 00:00:00', '0000-00-00 00:00:00'),
(390, 'Tr-10-05-17-00-35-06', 3, 10, 492, '0000-00-00 00:00:00', '0000-00-00 00:00:00');

-- --------------------------------------------------------

--
-- Estructura Stand-in para la vista `v1`
--
CREATE TABLE IF NOT EXISTS `v1` (
`id` int(11)
,`str1` varchar(255)
,`ent3` int(11)
,`ent1` int(11)
,`str2` varchar(255)
,`sum` decimal(32,0)
,`dif` decimal(33,0)
);
-- --------------------------------------------------------

--
-- Estructura Stand-in para la vista `v2`
--
CREATE TABLE IF NOT EXISTS `v2` (
`id` int(11)
,`str1` varchar(255)
,`ent3` int(11)
,`ent1` int(11)
,`str2` varchar(255)
,`sum` decimal(32,0)
,`dif` decimal(33,0)
);
-- --------------------------------------------------------

--
-- Estructura para la vista `v1`
--
DROP TABLE IF EXISTS `v1`;

CREATE ALGORITHM=UNDEFINED DEFINER=`adminG5xMedX`@`127.5.10.130` SQL SECURITY DEFINER VIEW `v1` AS select `tbl3s`.`id` AS `id`,`tbl1s`.`str1` AS `str1`,`tbl3s`.`ent3` AS `ent3`,`tbl1s`.`ent1` AS `ent1`,`tbl2s`.`str1` AS `str2`,sum(`tbl3s`.`ent1`) AS `sum`,(sum(`tbl3s`.`ent1`) - `tbl1s`.`ent1`) AS `dif` from ((`tbl3s` join `tbl1s` on((`tbl3s`.`tbl1Id` = `tbl1s`.`id`))) join `tbl2s` on((`tbl3s`.`tbl2Id` = `tbl2s`.`id`))) where ((`tbl3s`.`ent3` = 1) and (`tbl2s`.`id` <> 9)) group by `tbl1s`.`id`;

-- --------------------------------------------------------

--
-- Estructura para la vista `v2`
--
DROP TABLE IF EXISTS `v2`;

CREATE ALGORITHM=UNDEFINED DEFINER=`adminG5xMedX`@`127.5.10.130` SQL SECURITY DEFINER VIEW `v2` AS select `tbl3s`.`id` AS `id`,`tbl1s`.`str1` AS `str1`,`tbl3s`.`ent3` AS `ent3`,`tbl1s`.`ent1` AS `ent1`,`tbl2s`.`str1` AS `str2`,sum(`tbl3s`.`ent1`) AS `sum`,(sum(`tbl3s`.`ent1`) - `tbl1s`.`ent1`) AS `dif` from ((`tbl3s` join `tbl1s` on((`tbl3s`.`tbl1Id` = `tbl1s`.`id`))) join `tbl2s` on((`tbl3s`.`tbl2Id` = `tbl2s`.`id`))) where ((`tbl3s`.`ent3` = 0) and (`tbl2s`.`id` <> 9)) group by `tbl1s`.`id`;

/*!40101 SET CHARACTER_SET_CLIENT=@OLD_CHARACTER_SET_CLIENT */;
/*!40101 SET CHARACTER_SET_RESULTS=@OLD_CHARACTER_SET_RESULTS */;
/*!40101 SET COLLATION_CONNECTION=@OLD_COLLATION_CONNECTION */;
